"Order_ID","Emp_ID","Order_date","Order_price","Order_receivedDate"
"1","727","2015-01-01","11432","2015-01-11"
"2","818","2015-01-31","4705","2015-02-10"
"3","769","2015-03-02","18243","2015-03-12"
"4","559","2015-04-01","7732","2015-04-11"
"5","207","2015-05-01","5604","2015-05-11"
"6","4","2015-05-31","3502","2015-06-10"
"7","907","2015-06-30","7689","2015-07-10"
"8","443","2015-07-30","10693","2015-08-09"
"9","978","2015-08-29","5837","2015-09-08"
"10","274","2015-09-28","19154","2015-10-08"
"11","292","2015-10-28","2903","2015-11-07"
"12","468","2015-11-27","15151","2015-12-07"
"13","633","2015-12-27","1117","2016-01-06"
"14","470","2016-01-26","14936","2016-02-05"
"15","983","2016-02-25","4017","2016-03-06"
"16","31","2016-03-26","2337","2016-04-05"
"17","863","2016-04-25","13714","2016-05-05"
"18","996","2016-05-25","12795","2016-06-04"
"19","678","2016-06-24","16607","2016-07-04"
"20","315","2016-07-24","7286","2016-08-03"
"21","817","2016-08-23","15406","2016-09-02"
"22","849","2016-09-22","8355","2016-10-02"
"23","992","2016-10-22","2368","2016-11-01"
"24","33","2016-11-21","11055","2016-12-01"
"25","700","2016-12-21","12140","2016-12-31"
"26","527","2017-01-20","8979","2017-01-30"
"27","935","2017-02-19","3782","2017-03-01"
"28","688","2017-03-21","10560","2017-03-31"
"29","547","2017-04-20","11155","2017-04-30"
"30","82","2017-05-20","2841","2017-05-30"
"31","188","2017-06-19","18633","2017-06-29"
"32","454","2017-07-19","12338","2017-07-29"
"33","298","2017-08-18","6940","2017-08-28"
"34","989","2017-09-17","16004","2017-09-27"
"35","643","2017-10-17","19060","2017-10-27"
"36","763","2017-11-16","11873","2017-11-26"
"37","16","2017-12-16","19057","2017-12-26"
"38","382","2018-01-15","2265","2018-01-25"
"39","344","2018-02-14","11456",""
"40","958","2018-03-16","5202","2018-02-24"
"41","506","2018-04-15","8699","2018-03-26"
"42","716","2018-05-15","5736","2018-04-25"
"43","119","2018-06-14","11324","2018-05-25"
"44","10","2018-07-14","17771","2018-06-24"
"45","908","2018-08-13","5249","2018-07-24"
"46","795","2018-09-12","15016","2018-08-23"
"47","338","2018-10-12","8389","2018-09-22"
"48","458","2018-11-11","16354","2018-10-22"
"49","147","2018-12-11","16219","2018-11-21"
"50","222","2015-01-01","3230","2018-12-21"
"51","411","2015-01-31","13146","2015-01-11"
"52","719","2015-03-02","3276","2015-02-10"
"53","620","2015-04-01","18535","2015-03-12"
"54","488","2015-05-01","12539","2015-04-11"
"55","195","2015-05-31","5220","2015-05-11"
"56","879","2015-06-30","3576",""
"57","826","2015-07-30","2836","2015-06-10"
"58","736","2015-08-29","7688","2015-07-10"
"59","859","2015-09-28","15592","2015-08-09"
"60","680","2015-10-28","16625","2015-09-08"
"61","625","2015-11-27","19720","2015-10-08"
"62","219","2015-12-27","17129","2015-11-07"
"63","896","2016-01-26","19538","2015-12-07"
"64","897","2016-02-25","3495","2016-01-06"
"65","87","2016-03-26","1020","2016-02-05"
"66","839","2016-04-25","10566","2016-03-06"
"67","171","2016-05-25","8711","2016-04-05"
"68","645","2016-06-24","5113","2016-05-05"
"69","827","2016-07-24","15876","2016-06-04"
"70","220","2016-08-23","12145","2016-07-04"
"71","1000","2016-09-22","3281","2016-08-03"
"72","482","2016-10-22","11948","2016-09-02"
"73","653","2016-11-21","1839","2016-10-02"
"74","720","2016-12-21","11905","2016-11-01"
"75","810","2017-01-20","18588","2016-12-01"
"76","101","2017-02-19","10170","2016-12-31"
"77","730","2017-03-21","17032","2017-01-30"
"78","52","2017-04-20","4598","2017-03-01"
"79","126","2017-05-20","6306","2017-03-31"
"80","906","2017-06-19","17125","2017-04-30"
"81","190","2017-07-19","1090","2017-05-30"
"82","477","2017-08-18","7429","2017-06-29"
"83","541","2017-09-17","14341","2017-07-29"
"84","326","2017-10-17","8424","2017-08-28"
"85","672","2017-11-16","9696","2017-09-27"
"86","469","2017-12-16","15857","2017-10-27"
"87","834","2018-01-15","13804","2017-11-26"
"88","75","2018-02-14","14401","2017-12-26"
"89","794","2018-03-16","11284","2018-01-25"
"90","765","2018-04-15","15984","2018-02-24"
"91","938","2018-05-15","9536","2018-03-26"
"92","295","2018-06-14","11869","2018-04-25"
"93","523","2018-07-14","6673","2018-05-25"
"94","664","2018-08-13","14831","2018-06-24"
"95","333","2018-09-12","5482","2018-07-24"
"96","287","2018-10-12","11570","2018-08-23"
"97","821","2018-11-11","6199","2018-09-22"
"98","223","2018-12-11","8328","2018-10-22"
"99","187","2015-01-01","17250","2018-11-21"
"100","69","2015-01-31","14683","2018-12-21"
"101","61","2015-03-02","6805","2015-01-11"
"102","694","2015-04-01","3775","2015-02-10"
"103","631","2015-05-01","977","2015-03-12"
"104","928","2015-05-31","4574","2015-04-11"
"105","50","2015-06-30","19950","2015-05-11"
"106","929","2015-07-30","1697","2015-06-10"
"107","67","2015-08-29","1937","2015-07-10"
"108","901","2015-09-28","7129","2015-08-09"
"109","679","2015-10-28","13952","2015-09-08"
"110","94","2015-11-27","15051","2015-10-08"
"111","150","2015-12-27","6544","2015-11-07"
"112","107","2016-01-26","18238","2015-12-07"
"113","610","2016-02-25","1882","2016-01-06"
"114","954","2016-03-26","18468","2016-02-05"
"115","491","2016-04-25","16035","2016-03-06"
"116","149","2016-05-25","12791","2016-04-05"
"117","19","2016-06-24","3287","2016-05-05"
"118","570","2016-07-24","11613","2016-06-04"
"119","226","2016-08-23","13800","2016-07-04"
"120","619","2016-09-22","5164","2016-08-03"
"121","6","2016-10-22","16763","2016-09-02"
"122","361","2016-11-21","14310","2016-10-02"
"123","851","2016-12-21","13830","2016-11-01"
"124","63","2017-01-20","19893","2016-12-01"
"125","282","2017-02-19","3108","2016-12-31"
"126","705","2017-03-21","11413","2017-01-30"
"127","959","2017-04-20","5775","2017-03-01"
"128","34","2017-05-20","7009","2017-03-31"
"129","388","2017-06-19","6922","2017-04-30"
"130","93","2017-07-19","7517","2017-05-30"
"131","281","2017-08-18","4470","2017-06-29"
"132","507","2017-09-17","9203","2017-07-29"
"133","532","2017-10-17","7348","2017-08-28"
"134","58","2017-11-16","11623","2017-09-27"
"135","131","2017-12-16","10819","2017-10-27"
"136","497","2018-01-15","17315","2017-11-26"
"137","847","2018-02-14","6951","2017-12-26"
"138","614","2018-03-16","10266","2018-01-25"
"139","105","2018-04-15","8474","2018-02-24"
"140","743","2018-05-15","8499","2018-03-26"
"141","402","2018-06-14","14419","2018-04-25"
"142","934","2018-07-14","7174","2018-05-25"
"143","131","2018-08-13","949","2018-06-24"
"144","25","2018-09-12","16233","2018-07-24"
"145","616","2018-10-12","9939","2018-08-23"
"146","831","2018-11-11","11298","2018-09-22"
"147","686","2018-12-11","10486","2018-10-22"
"148","118","2015-01-01","8206","2018-11-21"
"149","173","2015-01-31","18796","2018-12-21"
"150","185","2015-03-02","12692","2015-01-11"
"151","113","2015-04-01","8782","2015-02-10"
"152","251","2015-05-01","14586","2015-03-12"
"153","998","2015-05-31","14529","2015-04-11"
"154","569","2015-06-30","12586","2015-05-11"
"155","64","2015-07-30","17921","2015-06-10"
"156","264","2015-08-29","12496","2015-07-10"
"157","843","2015-09-28","9945","2015-08-09"
"158","154","2015-10-28","1085","2015-09-08"
"159","646","2015-11-27","1966","2015-10-08"
"160","517","2015-12-27","9037","2015-11-07"
"161","971","2016-01-26","15923","2015-12-07"
"162","78","2016-02-25","14929","2016-01-06"
"163","513","2016-03-26","707","2016-02-05"
"164","156","2016-04-25","6934","2016-03-06"
"165","814","2016-05-25","11080","2016-04-05"
"166","35","2016-06-24","17342","2016-05-05"
"167","576","2016-07-24","11390","2016-06-04"
"168","553","2016-08-23","10259","2016-07-04"
"169","673","2016-09-22","8148","2016-08-03"
"170","995","2016-10-22","18721","2016-09-02"
"171","302","2016-11-21","6339","2016-10-02"
"172","65","2016-12-21","13021","2016-11-01"
"173","466","2017-01-20","3638","2016-12-01"
"174","484","2017-02-19","5800","2016-12-31"
"175","217","2017-03-21","10745","2017-01-30"
"176","72","2017-04-20","10088","2017-03-01"
"177","231","2017-05-20","13860","2017-03-31"
"178","151","2017-06-19","17598","2017-04-30"
"179","447","2017-07-19","10453","2017-05-30"
"180","452","2017-08-18","11810","2017-06-29"
"181","20","2017-09-17","1426","2017-07-29"
"182","389","2017-10-17","17569",""
"183","21","2017-11-16","8213","2017-08-28"
"184","203","2017-12-16","14230","2017-09-27"
"185","914","2018-01-15","18735","2017-10-27"
"186","30","2018-02-14","9885","2017-11-26"
"187","510","2018-03-16","14675","2017-12-26"
"188","963","2018-04-15","14763","2018-01-25"
"189","994","2018-05-15","13703","2018-02-24"
"190","17","2018-06-14","18324","2018-03-26"
"191","654","2018-07-14","7869","2018-04-25"
"192","279","2018-08-13","6366","2018-05-25"
"193","968","2018-09-12","8800","2018-06-24"
"194","588","2018-10-12","19438",""
"195","773","2018-11-11","12577","2018-07-24"
"196","325","2018-12-11","19491","2018-08-23"
"197","421","2015-01-01","6967","2018-09-22"
"198","975","2015-01-31","14015","2018-10-22"
"199","886","2015-03-02","5653","2018-11-21"
"200","973","2015-04-01","12598","2018-12-21"
"201","256","2015-05-01","19909","2015-01-11"
"202","133","2015-05-31","727","2015-02-10"
"203","898","2015-06-30","557","2015-03-12"
"204","179","2015-07-30","575","2015-04-11"
"205","883","2015-08-29","6853","2015-05-11"
"206","545","2015-09-28","15762","2015-06-10"
"207","786","2015-10-28","11447","2015-07-10"
"208","515","2015-11-27","9228","2015-08-09"
"209","353","2015-12-27","2341","2015-09-08"
"210","23","2016-01-26","8332","2015-10-08"
"211","34","2016-02-25","18636","2015-11-07"
"212","692","2016-03-26","12348","2015-12-07"
"213","122","2016-04-25","10632","2016-01-06"
"214","55","2016-05-25","10157","2016-02-05"
"215","136","2016-06-24","8111","2016-03-06"
"216","582","2016-07-24","18354","2016-04-05"
"217","262","2016-08-23","7215","2016-05-05"
"218","311","2016-09-22","6477","2016-06-04"
"219","243","2016-10-22","8199","2016-07-04"
"220","785","2016-11-21","1694","2016-08-03"
"221","134","2016-12-21","3167","2016-09-02"
"222","613","2017-01-20","16628","2016-10-02"
"223","560","2017-02-19","16557","2016-11-01"
"224","656","2017-03-21","9824","2016-12-01"
"225","342","2017-04-20","11351","2016-12-31"
"226","24","2017-05-20","19973","2017-01-30"
"227","98","2017-06-19","4721","2017-03-01"
"228","878","2017-07-19","4201","2017-03-31"
"229","711","2017-08-18","13224","2017-04-30"
"230","893","2017-09-17","11254","2017-05-30"
"231","652","2017-10-17","3621","2017-06-29"
"232","201","2017-11-16","19845","2017-07-29"
"233","265","2017-12-16","12444",""
"234","475","2018-01-15","17856","2017-08-28"
"235","196","2018-02-14","11901","2017-09-27"
"236","888","2018-03-16","1198","2017-10-27"
"237","492","2018-04-15","17511","2017-11-26"
"238","638","2018-05-15","8137","2017-12-26"
"239","320","2018-06-14","7877","2018-01-25"
"240","369","2018-07-14","3473","2018-02-24"
"241","245","2018-08-13","18439","2018-03-26"
"242","18","2018-09-12","5946","2018-04-25"
"243","611","2018-10-12","12922","2018-05-25"
"244","2","2018-11-11","5870","2018-06-24"
"245","984","2018-12-11","19689","2018-07-24"
"246","962","2015-01-01","15522","2018-08-23"
"247","158","2015-01-31","15735","2018-09-22"
"248","195","2015-03-02","18644","2018-10-22"
"249","92","2015-04-01","11826","2018-11-21"
"250","191","2015-05-01","14224","2018-12-21"
"251","124","2015-05-31","12775","2015-01-11"
"252","111","2015-06-30","989","2015-02-10"
"253","733","2015-07-30","6316","2015-03-12"
"254","102","2015-08-29","4458","2015-04-11"
"255","840","2015-09-28","9930","2015-05-11"
"256","166","2015-10-28","3781","2015-06-10"
"257","573","2015-11-27","4170","2015-07-10"
"258","242","2015-12-27","10734","2015-08-09"
"259","838","2016-01-26","9225","2015-09-08"
"260","860","2016-02-25","6880","2015-10-08"
"261","448","2016-03-26","11540","2015-11-07"
"262","45","2016-04-25","7745","2015-12-07"
"263","804","2016-05-25","16005","2016-01-06"
"264","461","2016-06-24","11087","2016-02-05"
"265","341","2016-07-24","5211","2016-03-06"
"266","779","2016-08-23","18791","2016-04-05"
"267","427","2016-09-22","19904","2016-05-05"
"268","648","2016-10-22","12776","2016-06-04"
"269","71","2016-11-21","18256","2016-07-04"
"270","609","2016-12-21","7412","2016-08-03"
"271","90","2017-01-20","1342","2016-09-02"
"272","624","2017-02-19","19079","2016-10-02"
"273","991","2017-03-21","18601","2016-11-01"
"274","874","2017-04-20","5226","2016-12-01"
"275","540","2017-05-20","3256","2016-12-31"
"276","138","2017-06-19","17221","2017-01-30"
"277","244","2017-07-19","4206","2017-03-01"
"278","558","2017-08-18","11187","2017-03-31"
"279","169","2017-09-17","10136","2017-04-30"
"280","380","2017-10-17","15830","2017-05-30"
"281","867","2017-11-16","4738","2017-06-29"
"282","84","2017-12-16","6078","2017-07-29"
"283","787","2018-01-15","12375","2017-08-28"
"284","520","2018-02-14","19001","2017-09-27"
"285","830","2018-03-16","18479","2017-10-27"
"286","542","2018-04-15","3132","2017-11-26"
"287","130","2018-05-15","14029","2017-12-26"
"288","163","2018-06-14","8486","2018-01-25"
"289","635","2018-07-14","8425","2018-02-24"
"290","554","2018-08-13","8620","2018-03-26"
"291","20","2018-09-12","17029","2018-04-25"
"292","250","2018-10-12","7277","2018-05-25"
"293","801","2018-11-11","18913","2018-06-24"
"294","264","2018-12-11","1496","2018-07-24"
"295","922","2015-01-01","11934","2018-08-23"
"296","47","2015-01-31","11193","2018-09-22"
"297","193","2015-03-02","9942","2018-10-22"
"298","178","2015-04-01","2334","2018-11-21"
"299","662","2015-05-01","1159","2018-12-21"
"300","206","2015-05-31","1397","2015-01-11"
"301","535","2015-06-30","15618","2015-02-10"
"302","187","2015-07-30","3458","2015-03-12"
"303","774","2015-08-29","887","2015-04-11"
"304","483","2015-09-28","4914","2015-05-11"
"305","254","2015-10-28","13381","2015-06-10"
"306","439","2015-11-27","13697","2015-07-10"
"307","120","2015-12-27","2389","2015-08-09"
"308","260","2016-01-26","1590","2015-09-08"
"309","563","2016-02-25","1702","2015-10-08"
"310","703","2016-03-26","12710","2015-11-07"
"311","641","2016-04-25","19576","2015-12-07"
"312","16","2016-05-25","12984","2016-01-06"
"313","148","2016-06-24","1097","2016-02-05"
"314","48","2016-07-24","13396","2016-03-06"
"315","189","2016-08-23","2642","2016-04-05"
"316","123","2016-09-22","5962","2016-05-05"
"317","121","2016-10-22","15370","2016-06-04"
"318","284","2016-11-21","17004","2016-07-04"
"319","103","2016-12-21","12608","2016-08-03"
"320","800","2017-01-20","2579","2016-09-02"
"321","232","2017-02-19","5262","2016-10-02"
"322","156","2017-03-21","11918","2016-11-01"
"323","13","2017-04-20","4850","2016-12-01"
"324","446","2017-05-20","10136","2016-12-31"
"325","92","2017-06-19","10384","2017-01-30"
"326","255","2017-07-19","14065","2017-03-01"
"327","824","2017-08-18","666","2017-03-31"
"328","531","2017-09-17","17604","2017-04-30"
"329","952","2017-10-17","13293","2017-05-30"
"330","184","2017-11-16","12063","2017-06-29"
"331","946","2017-12-16","7779","2017-07-29"
"332","852","2018-01-15","2371","2017-08-28"
"333","64","2018-02-14","10528","2017-09-27"
"334","467","2018-03-16","9239","2017-10-27"
"335","845","2018-04-15","711","2017-11-26"
"336","357","2018-05-15","1779","2017-12-26"
"337","552","2018-06-14","5690","2018-01-25"
"338","305","2018-07-14","7961","2018-02-24"
"339","419","2018-08-13","6119","2018-03-26"
"340","391","2018-09-12","5282","2018-04-25"
"341","422","2018-10-12","1242","2018-05-25"
"342","663","2018-11-11","12939","2018-06-24"
"343","601","2018-12-11","7283","2018-07-24"
"344","932","2015-01-01","15716","2018-08-23"
"345","913","2015-01-31","9044","2018-09-22"
"346","300","2015-03-02","4544","2018-10-22"
"347","681","2015-04-01","6680","2018-11-21"
"348","343","2015-05-01","6016","2018-12-21"
"349","334","2015-05-31","18855","2015-01-11"
"350","320","2015-06-30","6471","2015-02-10"
"351","175","2015-07-30","15824","2015-03-12"
"352","910","2015-08-29","12938","2015-04-11"
"353","284","2015-09-28","9726","2015-05-11"
"354","17","2015-10-28","18581","2015-06-10"
"355","950","2015-11-27","16135","2015-07-10"
"356","271","2015-12-27","4199","2015-08-09"
"357","215","2016-01-26","18609","2015-09-08"
"358","328","2016-02-25","10752","2015-10-08"
"359","189","2016-03-26","14530","2015-11-07"
"360","217","2016-04-25","19317","2015-12-07"
"361","145","2016-05-25","13531","2016-01-06"
"362","589","2016-06-24","4785","2016-02-05"
"363","909","2016-07-24","8298","2016-03-06"
"364","122","2016-08-23","9640","2016-04-05"
"365","757","2016-09-22","5430","2016-05-05"
"366","789","2016-10-22","17704","2016-06-04"
"367","307","2016-11-21","2956","2016-07-04"
"368","103","2016-12-21","11859","2016-08-03"
"369","138","2017-01-20","13184","2016-09-02"
"370","238","2017-02-19","1362","2016-10-02"
"371","571","2017-03-21","771","2016-11-01"
"372","183","2017-04-20","7908","2016-12-01"
"373","865","2017-05-20","11385",""
"374","240","2017-06-19","7826","2016-12-31"
"375","378","2017-07-19","1836","2017-01-30"
"376","593","2017-08-18","12324","2017-03-01"
"377","94","2017-09-17","5135","2017-03-31"
"378","81","2017-10-17","9134","2017-04-30"
"379","534","2017-11-16","1591","2017-05-30"
"380","242","2017-12-16","6340","2017-06-29"
"381","160","2018-01-15","7885","2017-07-29"
"382","481","2018-02-14","14650","2017-08-28"
"383","155","2018-03-16","18749","2017-09-27"
"384","153","2018-04-15","7321","2017-10-27"
"385","986","2018-05-15","16239","2017-11-26"
"386","37","2018-06-14","14842","2017-12-26"
"387","95","2018-07-14","12645","2018-01-25"
"388","35","2018-08-13","11947","2018-02-24"
"389","518","2018-09-12","13104","2018-03-26"
"390","574","2018-10-12","16513","2018-04-25"
"391","308","2018-11-11","3171","2018-05-25"
"392","225","2018-12-11","14939","2018-06-24"
"393","117","2015-01-01","13432","2018-07-24"
"394","247","2015-01-31","6803","2018-08-23"
"395","776","2015-03-02","11752","2018-09-22"
"396","833","2015-04-01","16458","2018-10-22"
"397","755","2015-05-01","5141","2018-11-21"
"398","241","2015-05-31","17643","2018-12-21"
"399","176","2015-06-30","10786","2015-01-11"
"400","124","2015-07-30","11340","2015-02-10"
"401","180","2015-08-29","2087","2015-03-12"
"402","578","2015-09-28","14821","2015-04-11"
"403","77","2015-10-28","12833","2015-05-11"
"404","285","2015-11-27","17993","2015-06-10"
"405","229","2015-12-27","6199","2015-07-10"
"406","401","2016-01-26","8415","2015-08-09"
"407","45","2016-02-25","2053","2015-09-08"
"408","135","2016-03-26","2400","2015-10-08"
"409","485","2016-04-25","17244",""
"410","336","2016-05-25","4311","2015-11-07"
"411","608","2016-06-24","19065","2015-12-07"
"412","416","2016-07-24","9974","2016-01-06"
"413","46","2016-08-23","9660","2016-02-05"
"414","297","2016-09-22","8690","2016-03-06"
"415","368","2016-10-22","11932","2016-04-05"
"416","135","2016-11-21","18881","2016-05-05"
"417","526","2016-12-21","6036","2016-06-04"
"418","756","2017-01-20","1476","2016-07-04"
"419","375","2017-02-19","13401","2016-08-03"
"420","721","2017-03-21","10589","2016-09-02"
"421","457","2017-04-20","5558","2016-10-02"
"422","86","2017-05-20","11009","2016-11-01"
"423","586","2017-06-19","18756","2016-12-01"
"424","41","2017-07-19","16672","2016-12-31"
"425","778","2017-08-18","18191","2017-01-30"
"426","347","2017-09-17","5833","2017-03-01"
"427","144","2017-10-17","14477","2017-03-31"
"428","708","2017-11-16","5081","2017-04-30"
"429","465","2017-12-16","16075","2017-05-30"
"430","206","2018-01-15","5378","2017-06-29"
"431","259","2018-02-14","7683","2017-07-29"
"432","424","2018-03-16","7492","2017-08-28"
"433","80","2018-04-15","18349","2017-09-27"
"434","410","2018-05-15","10251","2017-10-27"
"435","816","2018-06-14","4752","2017-11-26"
"436","216","2018-07-14","13064","2017-12-26"
"437","752","2018-08-13","2316","2018-01-25"
"438","235","2018-09-12","1256","2018-02-24"
"439","924","2018-10-12","1621","2018-03-26"
"440","585","2018-11-11","8324","2018-04-25"
"441","210","2018-12-11","13289","2018-05-25"
"442","53","2015-01-01","10745","2018-06-24"
"443","550","2015-01-31","14703","2018-07-24"
"444","161","2015-03-02","9292","2018-08-23"
"445","966","2015-04-01","17448","2018-09-22"
"446","444","2015-05-01","13198","2018-10-22"
"447","431","2015-05-31","5779","2018-11-21"
"448","439","2015-06-30","5242","2018-12-21"
"449","56","2015-07-30","14872","2015-01-11"
"450","311","2015-08-29","12871","2015-02-10"
"451","308","2015-09-28","10921","2015-03-12"
"452","269","2015-10-28","4164","2015-04-11"
"453","866","2015-11-27","4742","2015-05-11"
"454","455","2015-12-27","696","2015-06-10"
"455","667","2016-01-26","6281","2015-07-10"
"456","95","2016-02-25","11079","2015-08-09"
"457","993","2016-03-26","16066","2015-09-08"
"458","689","2016-04-25","16162","2015-10-08"
"459","52","2016-05-25","19802","2015-11-07"
"460","205","2016-06-24","866","2015-12-07"
"461","701","2016-07-24","13939","2016-01-06"
"462","296","2016-08-23","16972","2016-02-05"
"463","435","2016-09-22","6325","2016-03-06"
"464","940","2016-10-22","12365","2016-04-05"
"465","519","2016-11-21","16629","2016-05-05"
"466","150","2016-12-21","12073","2016-06-04"
"467","511","2017-01-20","11625","2016-07-04"
"468","385","2017-02-19","19409","2016-08-03"
"469","375","2017-03-21","4437","2016-09-02"
"470","521","2017-04-20","18868","2016-10-02"
"471","384","2017-05-20","17064","2016-11-01"
"472","291","2017-06-19","5280","2016-12-01"
"473","396","2017-07-19","19856","2016-12-31"
"474","791","2017-08-18","5577","2017-01-30"
"475","729","2017-09-17","17301","2017-03-01"
"476","405","2017-10-17","14814","2017-03-31"
"477","536","2017-11-16","16306","2017-04-30"
"478","425","2017-12-16","9963","2017-05-30"
"479","75","2018-01-15","19224","2017-06-29"
"480","335","2018-02-14","5493","2017-07-29"
"481","917","2018-03-16","553","2017-08-28"
"482","777","2018-04-15","9734","2017-09-27"
"483","73","2018-05-15","10210","2017-10-27"
"484","327","2018-06-14","3703","2017-11-26"
"485","237","2018-07-14","14458","2017-12-26"
"486","66","2018-08-13","4018","2018-01-25"
"487","278","2018-09-12","3250","2018-02-24"
"488","180","2018-10-12","18153","2018-03-26"
"489","140","2018-11-11","4470","2018-04-25"
"490","722","2018-12-11","13674","2018-05-25"
"491","362","2015-01-01","16998","2018-06-24"
"492","251","2015-01-31","6155","2018-07-24"
"493","183","2015-03-02","1454","2018-08-23"
"494","42","2015-04-01","1254","2018-09-22"
"495","884","2015-05-01","14385","2018-10-22"
"496","655","2015-05-31","16318","2018-11-21"
"497","485","2015-06-30","4920","2018-12-21"
"498","151","2015-07-30","2838","2015-01-11"
"499","642","2015-08-29","12664","2015-02-10"
"500","782","2015-09-28","5874",""
"501","142","2015-10-28","2073","2015-03-12"
"502","46","2015-11-27","6370","2015-04-11"
"503","29","2015-12-27","1304","2015-05-11"
"504","301","2016-01-26","16004","2015-06-10"
"505","258","2016-02-25","15807","2015-07-10"
"506","18","2016-03-26","6140","2015-08-09"
"507","167","2016-04-25","4309","2015-09-08"
"508","479","2016-05-25","19165","2015-10-08"
"509","1","2016-06-24","3396","2015-11-07"
"510","360","2016-07-24","11468","2015-12-07"
"511","6","2016-08-23","14773","2016-01-06"
"512","568","2016-09-22","6603","2016-02-05"
"513","615","2016-10-22","16938","2016-03-06"
"514","717","2016-11-21","14809","2016-04-05"
"515","967","2016-12-21","812","2016-05-05"
"516","925","2017-01-20","4704","2016-06-04"
"517","147","2017-02-19","7261","2016-07-04"
"518","457","2017-03-21","3121","2016-08-03"
"519","704","2017-04-20","17908","2016-09-02"
"520","347","2017-05-20","13110","2016-10-02"
"521","627","2017-06-19","9323","2016-11-01"
"522","60","2017-07-19","13473","2016-12-01"
"523","499","2017-08-18","15439","2016-12-31"
"524","657","2017-09-17","10764","2017-01-30"
"525","933","2017-10-17","2369","2017-03-01"
"526","321","2017-11-16","11409","2017-03-31"
"527","109","2017-12-16","4325","2017-04-30"
"528","474","2018-01-15","19101","2017-05-30"
"529","7","2018-02-14","11192","2017-06-29"
"530","508","2018-03-16","1483","2017-07-29"
"531","169","2018-04-15","10393","2017-08-28"
"532","927","2018-05-15","13968","2017-09-27"
"533","784","2018-06-14","17299","2017-10-27"
"534","293","2018-07-14","13849","2017-11-26"
"535","141","2018-08-13","3919",""
"536","871","2018-09-12","14183","2017-12-26"
"537","177","2018-10-12","8930","2018-01-25"
"538","118","2018-11-11","14207","2018-02-24"
"539","567","2018-12-11","7897","2018-03-26"
"540","70","2015-01-01","8817","2018-04-25"
"541","279","2015-01-31","19710","2018-05-25"
"542","304","2015-03-02","4085","2018-06-24"
"543","726","2015-04-01","15256","2018-07-24"
"544","382","2015-05-01","13002","2018-08-23"
"545","288","2015-05-31","18901","2018-09-22"
"546","21","2015-06-30","10895","2018-10-22"
"547","261","2015-07-30","9218","2018-11-21"
"548","349","2015-08-29","6646","2018-12-21"
"549","530","2015-09-28","942","2015-01-11"
"550","960","2015-10-28","10181","2015-02-10"
"551","969","2015-11-27","9556","2015-03-12"
"552","244","2015-12-27","2298","2015-04-11"
"553","529","2016-01-26","4930","2015-05-11"
"554","246","2016-02-25","19554","2015-06-10"
"555","164","2016-03-26","16552","2015-07-10"
"556","274","2016-04-25","8601","2015-08-09"
"557","404","2016-05-25","10932","2015-09-08"
"558","890","2016-06-24","10540","2015-10-08"
"559","602","2016-07-24","14134","2015-11-07"
"560","937","2016-08-23","4898","2015-12-07"
"561","352","2016-09-22","2315","2016-01-06"
"562","376","2016-10-22","5209","2016-02-05"
"563","531","2016-11-21","8472","2016-03-06"
"564","231","2016-12-21","2413","2016-04-05"
"565","110","2017-01-20","1574",""
"566","13","2017-02-19","1304","2016-05-05"
"567","220","2017-03-21","9304","2016-06-04"
"568","323","2017-04-20","3588","2016-07-04"
"569","291","2017-05-20","11389","2016-08-03"
"570","96","2017-06-19","6629","2016-09-02"
"571","102","2017-07-19","15775","2016-10-02"
"572","512","2017-08-18","13055","2016-11-01"
"573","267","2017-09-17","15225","2016-12-01"
"574","174","2017-10-17","9590","2016-12-31"
"575","9","2017-11-16","13401","2017-01-30"
"576","144","2017-12-16","5737","2017-03-01"
"577","480","2018-01-15","18217","2017-03-31"
"578","162","2018-02-14","2936","2017-04-30"
"579","494","2018-03-16","11863","2017-05-30"
"580","912","2018-04-15","11475","2017-06-29"
"581","873","2018-05-15","2691","2017-07-29"
"582","523","2018-06-14","17680","2017-08-28"
"583","42","2018-07-14","18659","2017-09-27"
"584","948","2018-08-13","1511","2017-10-27"
"585","106","2018-09-12","11927","2017-11-26"
"586","516","2018-10-12","8595","2017-12-26"
"587","546","2018-11-11","9537","2018-01-25"
"588","823","2018-12-11","17746","2018-02-24"
"589","276","2015-01-01","17298","2018-03-26"
"590","528","2015-01-31","15319","2018-04-25"
"591","12","2015-03-02","3751","2018-05-25"
"592","265","2015-04-01","18390","2018-06-24"
"593","160","2015-05-01","572","2018-07-24"
"594","630","2015-05-31","3499","2018-08-23"
"595","218","2015-06-30","7002","2018-09-22"
"596","297","2015-07-30","15000","2018-10-22"
"597","569","2015-08-29","15614","2018-11-21"
"598","74","2015-09-28","13342","2018-12-21"
"599","129","2015-10-28","11927","2015-01-11"
"600","328","2015-11-27","18096","2015-02-10"
"601","497","2015-12-27","2091","2015-03-12"
"602","79","2016-01-26","6130","2015-04-11"
"603","152","2016-02-25","15257","2015-05-11"
"604","980","2016-03-26","14313","2015-06-10"
"605","266","2016-04-25","14407","2015-07-10"
"606","535","2016-05-25","16502","2015-08-09"
"607","2","2016-06-24","7074","2015-09-08"
"608","423","2016-07-24","15340","2015-10-08"
"609","114","2016-08-23","6652","2015-11-07"
"610","12","2016-09-22","11315","2015-12-07"
"611","275","2016-10-22","10384","2016-01-06"
"612","219","2016-11-21","8495","2016-02-05"
"613","397","2016-12-21","18678","2016-03-06"
"614","691","2017-01-20","3159","2016-04-05"
"615","383","2017-02-19","2707","2016-05-05"
"616","268","2017-03-21","4635","2016-06-04"
"617","660","2017-04-20","6551","2016-07-04"
"618","105","2017-05-20","7460","2016-08-03"
"619","503","2017-06-19","10487","2016-09-02"
"620","563","2017-07-19","12980","2016-10-02"
"621","222","2017-08-18","11767","2016-11-01"
"622","554","2017-09-17","11558","2016-12-01"
"623","466","2017-10-17","6291","2016-12-31"
"624","788","2017-11-16","16070","2017-01-30"
"625","628","2017-12-16","3378","2017-03-01"
"626","354","2018-01-15","17385","2017-03-31"
"627","459","2018-02-14","12982","2017-04-30"
"628","797","2018-03-16","12226","2017-05-30"
"629","149","2018-04-15","3088","2017-06-29"
"630","712","2018-05-15","18402","2017-07-29"
"631","829","2018-06-14","10123","2017-08-28"
"632","261","2018-07-14","5375","2017-09-27"
"633","303","2018-08-13","11010","2017-10-27"
"634","964","2018-09-12","13768","2017-11-26"
"635","675","2018-10-12","9883","2017-12-26"
"636","748","2018-11-11","16562","2018-01-25"
"637","115","2018-12-11","2923","2018-02-24"
"638","737","2015-01-01","4845","2018-03-26"
"639","682","2015-01-31","7105","2018-04-25"
"640","519","2015-03-02","15425","2018-05-25"
"641","108","2015-04-01","2021","2018-06-24"
"642","598","2015-05-01","14198","2018-07-24"
"643","870","2015-05-31","11593","2018-08-23"
"644","602","2015-06-30","6482","2018-09-22"
"645","128","2015-07-30","5435","2018-10-22"
"646","392","2015-08-29","15256","2018-11-21"
"647","944","2015-09-28","19713","2018-12-21"
"648","57","2015-10-28","17414","2015-01-11"
"649","539","2015-11-27","1291","2015-02-10"
"650","44","2015-12-27","2866","2015-03-12"
"651","637","2016-01-26","8949","2015-04-11"
"652","565","2016-02-25","8653","2015-05-11"
"653","590","2016-03-26","3355","2015-06-10"
"654","540","2016-04-25","18947","2015-07-10"
"655","919","2016-05-25","6828","2015-08-09"
"656","276","2016-06-24","10533","2015-09-08"
"657","942","2016-07-24","19839","2015-10-08"
"658","364","2016-08-23","19187","2015-11-07"
"659","352","2016-09-22","11434","2015-12-07"
"660","580","2016-10-22","17022","2016-01-06"
"661","351","2016-11-21","4020","2016-02-05"
"662","22","2016-12-21","14848","2016-03-06"
"663","152","2017-01-20","12752","2016-04-05"
"664","258","2017-02-19","8251","2016-05-05"
"665","493","2017-03-21","1691","2016-06-04"
"666","280","2017-04-20","5509","2016-07-04"
"667","86","2017-05-20","17485","2016-08-03"
"668","434","2017-06-19","5410","2016-09-02"
"669","190","2017-07-19","13276","2016-10-02"
"670","317","2017-08-18","6146","2016-11-01"
"671","482","2017-09-17","2212","2016-12-01"
"672","448","2017-10-17","2205","2016-12-31"
"673","611","2017-11-16","855","2017-01-30"
"674","157","2017-12-16","15062","2017-03-01"
"675","62","2018-01-15","11459","2017-03-31"
"676","312","2018-02-14","17570","2017-04-30"
"677","93","2018-03-16","19966","2017-05-30"
"678","522","2018-04-15","19809","2017-06-29"
"679","350","2018-05-15","11135","2017-07-29"
"680","403","2018-06-14","8122","2017-08-28"
"681","434","2018-07-14","17673","2017-09-27"
"682","119","2018-08-13","15569","2017-10-27"
"683","230","2018-09-12","11434","2017-11-26"
"684","130","2018-10-12","722","2017-12-26"
"685","76","2018-11-11","9952","2018-01-25"
"686","58","2018-12-11","1970","2018-02-24"
"687","734","2015-01-01","2519","2018-03-26"
"688","555","2015-01-31","12064","2018-04-25"
"689","502","2015-03-02","7439","2018-05-25"
"690","400","2015-04-01","19350","2018-06-24"
"691","806","2015-05-01","16723","2018-07-24"
"692","127","2015-05-31","3736","2018-08-23"
"693","468","2015-06-30","13412","2018-09-22"
"694","770","2015-07-30","10084","2018-10-22"
"695","626","2015-08-29","11905","2018-11-21"
"696","422","2015-09-28","7173","2018-12-21"
"697","426","2015-10-28","1945","2015-01-11"
"698","629","2015-11-27","3842","2015-02-10"
"699","943","2015-12-27","5290","2015-03-12"
"700","710","2016-01-26","19927","2015-04-11"
"701","418","2016-02-25","17771","2015-05-11"
"702","467","2016-03-26","14803","2015-06-10"
"703","88","2016-04-25","4637","2015-07-10"
"704","292","2016-05-25","15146","2015-08-09"
"705","616","2016-06-24","1153","2015-09-08"
"706","713","2016-07-24","7243","2015-10-08"
"707","290","2016-08-23","8298","2015-11-07"
"708","685","2016-09-22","8294","2015-12-07"
"709","394","2016-10-22","7988","2016-01-06"
"710","904","2016-11-21","9259","2016-02-05"
"711","665","2016-12-21","10568",""
"712","882","2017-01-20","530","2016-03-06"
"713","565","2017-02-19","8552","2016-04-05"
"714","949","2017-03-21","3811","2016-05-05"
"715","503","2017-04-20","19349",""
"716","125","2017-05-20","8452","2016-06-04"
"717","792","2017-06-19","3914","2016-07-04"
"718","213","2017-07-19","12530","2016-08-03"
"719","166","2017-08-18","18299","2016-09-02"
"720","547","2017-09-17","19722","2016-10-02"
"721","546","2017-10-17","3489","2016-11-01"
"722","915","2017-11-16","5921","2016-12-01"
"723","599","2017-12-16","17971","2016-12-31"
"724","617","2018-01-15","13927","2017-01-30"
"725","702","2018-02-14","9424","2017-03-01"
"726","650","2018-03-16","18477","2017-03-31"
"727","673","2018-04-15","8794","2017-04-30"
"728","694","2018-05-15","10772","2017-05-30"
"729","489","2018-06-14","3656","2017-06-29"
"730","976","2018-07-14","4785","2017-07-29"
"731","669","2018-08-13","16125","2017-08-28"
"732","429","2018-09-12","16623","2017-09-27"
"733","393","2018-10-12","15019","2017-10-27"
"734","271","2018-11-11","11208","2017-11-26"
"735","268","2018-12-11","10352","2017-12-26"
"736","899","2015-01-01","3370","2018-01-25"
"737","417","2015-01-31","11431","2018-02-24"
"738","604","2015-03-02","16288","2018-03-26"
"739","862","2015-04-01","19569","2018-04-25"
"740","658","2015-05-01","3209","2018-05-25"
"741","182","2015-05-31","13672","2018-06-24"
"742","49","2015-06-30","14225",""
"743","613","2015-07-30","4575","2018-07-24"
"744","143","2015-08-29","18181","2018-08-23"
"745","351","2015-09-28","9282","2018-09-22"
"746","586","2015-10-28","16693","2018-10-22"
"747","562","2015-11-27","15185","2018-11-21"
"748","436","2015-12-27","10100","2018-12-21"
"749","705","2016-01-26","10735","2015-01-11"
"750","683","2016-02-25","3953","2015-02-10"
"751","294","2016-03-26","3759","2015-03-12"
"752","682","2016-04-25","9416","2015-04-11"
"753","463","2016-05-25","5543","2015-05-11"
"754","496","2016-06-24","5568","2015-06-10"
"755","164","2016-07-24","16938","2015-07-10"
"756","842","2016-08-23","12349","2015-08-09"
"757","316","2016-09-22","16832","2015-09-08"
"758","414","2016-10-22","10711","2015-10-08"
"759","740","2016-11-21","6222","2015-11-07"
"760","120","2016-12-21","2677","2015-12-07"
"761","174","2017-01-20","18450","2016-01-06"
"762","533","2017-02-19","17527","2016-02-05"
"763","197","2017-03-21","5138","2016-03-06"
"764","711","2017-04-20","3702","2016-04-05"
"765","438","2017-05-20","13134","2016-05-05"
"766","78","2017-06-19","13946","2016-06-04"
"767","766","2017-07-19","5511","2016-07-04"
"768","234","2017-08-18","17344","2016-08-03"
"769","171","2017-09-17","13460","2016-09-02"
"770","604","2017-10-17","16479","2016-10-02"
"771","709","2017-11-16","17021","2016-11-01"
"772","813","2017-12-16","7626","2016-12-01"
"773","260","2018-01-15","12961","2016-12-31"
"774","803","2018-02-14","15590","2017-01-30"
"775","267","2018-03-16","6549","2017-03-01"
"776","357","2018-04-15","9264","2017-03-31"
"777","465","2018-05-15","1846","2017-04-30"
"778","246","2018-06-14","19791","2017-05-30"
"779","406","2018-07-14","5144","2017-06-29"
"780","587","2018-08-13","12732","2017-07-29"
"781","88","2018-09-12","3791","2017-08-28"
"782","104","2018-10-12","18694","2017-09-27"
"783","715","2018-11-11","536","2017-10-27"
"784","259","2018-12-11","19703","2017-11-26"
"785","639","2015-01-01","1526","2017-12-26"
"786","8","2015-01-31","7208","2018-01-25"
"787","277","2015-03-02","11579","2018-02-24"
"788","622","2015-04-01","9950",""
"789","532","2015-05-01","14271","2018-03-26"
"790","691","2015-05-31","18003","2018-04-25"
"791","671","2015-06-30","6539","2018-05-25"
"792","224","2015-07-30","1220","2018-06-24"
"793","398","2015-08-29","10566","2018-07-24"
"794","552","2015-09-28","17392","2018-08-23"
"795","81","2015-10-28","4759","2018-09-22"
"796","398","2015-11-27","16146","2018-10-22"
"797","853","2015-12-27","9587","2018-11-21"
"798","215","2016-01-26","1372","2018-12-21"
"799","262","2016-02-25","5546","2015-01-11"
"800","498","2016-03-26","15337","2015-02-10"
"801","159","2016-04-25","11681","2015-03-12"
"802","781","2016-05-25","17841","2015-04-11"
"803","221","2016-06-24","16640","2015-05-11"
"804","665","2016-07-24","14257","2015-06-10"
"805","522","2016-08-23","6933","2015-07-10"
"806","72","2016-09-22","16133","2015-08-09"
"807","515","2016-10-22","16455","2015-09-08"
"808","661","2016-11-21","9954","2015-10-08"
"809","405","2016-12-21","19019","2015-11-07"
"810","668","2017-01-20","8173","2015-12-07"
"811","324","2017-02-19","11003","2016-01-06"
"812","228","2017-03-21","17041","2016-02-05"
"813","717","2017-04-20","6066","2016-03-06"
"814","384","2017-05-20","13491","2016-04-05"
"815","600","2017-06-19","18886","2016-05-05"
"816","70","2017-07-19","19756","2016-06-04"
"817","125","2017-08-18","17490","2016-07-04"
"818","91","2017-09-17","5435","2016-08-03"
"819","501","2017-10-17","2676","2016-09-02"
"820","793","2017-11-16","6426","2016-10-02"
"821","718","2017-12-16","2866","2016-11-01"
"822","576","2018-01-15","15562","2016-12-01"
"823","549","2018-02-14","3573","2016-12-31"
"824","776","2018-03-16","15458","2017-01-30"
"825","828","2018-04-15","10440","2017-03-01"
"826","409","2018-05-15","16301","2017-03-31"
"827","572","2018-06-14","17061","2017-04-30"
"828","669","2018-07-14","15570","2017-05-30"
"829","621","2018-08-13","11330","2017-06-29"
"830","869","2018-09-12","10404","2017-07-29"
"831","68","2018-10-12","19678","2017-08-28"
"832","338","2018-11-11","973","2017-09-27"
"833","339","2018-12-11","14745","2017-10-27"
"834","710","2015-01-01","9808","2017-11-26"
"835","428","2015-01-31","1550","2017-12-26"
"836","1","2015-03-02","5951","2018-01-25"
"837","970","2015-04-01","2554","2018-02-24"
"838","431","2015-05-01","6280","2018-03-26"
"839","738","2015-05-31","13270","2018-04-25"
"840","200","2015-06-30","5394","2018-05-25"
"841","82","2015-07-30","10753","2018-06-24"
"842","592","2015-08-29","2125","2018-07-24"
"843","393","2015-09-28","10931","2018-08-23"
"844","773","2015-10-28","6598","2018-09-22"
"845","542","2015-11-27","7500","2018-10-22"
"846","736","2015-12-27","9498","2018-11-21"
"847","432","2016-01-26","15155","2018-12-21"
"848","802","2016-02-25","17075","2015-01-11"
"849","706","2016-03-26","18506","2015-02-10"
"850","367","2016-04-25","5004","2015-03-12"
"851","116","2016-05-25","18657","2015-04-11"
"852","916","2016-06-24","4651","2015-05-11"
"853","714","2016-07-24","18697","2015-06-10"
"854","115","2016-08-23","19121","2015-07-10"
"855","781","2016-09-22","12970","2015-08-09"
"856","676","2016-10-22","16119","2015-09-08"
"857","539","2016-11-21","14768","2015-10-08"
"858","370","2016-12-21","1682","2015-11-07"
"859","838","2017-01-20","4317","2015-12-07"
"860","38","2017-02-19","10632","2016-01-06"
"861","561","2017-03-21","19072","2016-02-05"
"862","355","2017-04-20","1385","2016-03-06"
"863","742","2017-05-20","18624","2016-04-05"
"864","364","2017-06-19","9115","2016-05-05"
"865","226","2017-07-19","8495","2016-06-04"
"866","181","2017-08-18","10529","2016-07-04"
"867","857","2017-09-17","2796","2016-08-03"
"868","889","2017-10-17","16258","2016-09-02"
"869","543","2017-11-16","12440","2016-10-02"
"870","815","2017-12-16","13435","2016-11-01"
"871","76","2018-01-15","17702","2016-12-01"
"872","446","2018-02-14","11709","2016-12-31"
"873","840","2018-03-16","12165","2017-01-30"
"874","301","2018-04-15","17283","2017-03-01"
"875","670","2018-05-15","15673","2017-03-31"
"876","377","2018-06-14","1240","2017-04-30"
"877","437","2018-07-14","5130","2017-05-30"
"878","290","2018-08-13","16975","2017-06-29"
"879","14","2018-09-12","8458","2017-07-29"
"880","106","2018-10-12","1441","2017-08-28"
"881","442","2018-11-11","1646","2017-09-27"
"882","826","2018-12-11","19987","2017-10-27"
"883","304","2015-01-01","17064","2017-11-26"
"884","493","2015-01-31","6826","2017-12-26"
"885","753","2015-03-02","11747","2018-01-25"
"886","403","2015-04-01","15527","2018-02-24"
"887","591","2015-05-01","2277","2018-03-26"
"888","646","2015-05-31","15625","2018-04-25"
"889","757","2015-06-30","16839","2018-05-25"
"890","413","2015-07-30","5431","2018-06-24"
"891","753","2015-08-29","11183","2018-07-24"
"892","332","2015-09-28","1371","2018-08-23"
"893","836","2015-10-28","2463","2018-09-22"
"894","461","2015-11-27","3137","2018-10-22"
"895","472","2015-12-27","6322","2018-11-21"
"896","26","2016-01-26","9868","2018-12-21"
"897","534","2016-02-25","3501","2015-01-11"
"898","24","2016-03-26","2316","2015-02-10"
"899","601","2016-04-25","18103","2015-03-12"
"900","891","2016-05-25","16971","2015-04-11"
"901","864","2016-06-24","7202","2015-05-11"
"902","544","2016-07-24","18897","2015-06-10"
"903","362","2016-08-23","5134","2015-07-10"
"904","764","2016-09-22","5571","2015-08-09"
"905","866","2016-10-22","7302",""
"906","541","2016-11-21","7447","2015-09-08"
"907","583","2016-12-21","12486","2015-10-08"
"908","890","2017-01-20","1914","2015-11-07"
"909","798","2017-02-19","3947","2015-12-07"
"910","476","2017-03-21","12229","2016-01-06"
"911","322","2017-04-20","11489","2016-02-05"
"912","249","2017-05-20","17793","2016-03-06"
"913","272","2017-06-19","13225","2016-04-05"
"914","861","2017-07-19","3375","2016-05-05"
"915","985","2017-08-18","9486","2016-06-04"
"916","426","2017-09-17","19086","2016-07-04"
"917","647","2017-10-17","4322","2016-08-03"
"918","557","2017-11-16","12298","2016-09-02"
"919","411","2017-12-16","17369","2016-10-02"
"920","751","2018-01-15","12969","2016-11-01"
"921","429","2018-02-14","8752","2016-12-01"
"922","597","2018-03-16","7171","2016-12-31"
"923","767","2018-04-15","19420","2017-01-30"
"924","313","2018-05-15","7508","2017-03-01"
"925","100","2018-06-14","2752","2017-03-31"
"926","3","2018-07-14","16831","2017-04-30"
"927","872","2018-08-13","9746","2017-05-30"
"928","500","2018-09-12","9528","2017-06-29"
"929","11","2018-10-12","11460","2017-07-29"
"930","528","2018-11-11","6305","2017-08-28"
"931","84","2018-12-11","17740","2017-09-27"
"932","74","2015-01-01","3314","2017-10-27"
"933","54","2015-01-31","18872","2017-11-26"
"934","551","2015-03-02","11487","2017-12-26"
"935","572","2015-04-01","14239","2018-01-25"
"936","302","2015-05-01","2749","2018-02-24"
"937","889","2015-05-31","15352","2018-03-26"
"938","718","2015-06-30","11993","2018-04-25"
"939","473","2015-07-30","19524","2018-05-25"
"940","378","2015-08-29","4799","2018-06-24"
"941","879","2015-09-28","3540","2018-07-24"
"942","204","2015-10-28","862",""
"943","573","2015-11-27","12177","2018-08-23"
"944","766","2015-12-27","5109","2018-09-22"
"945","116","2016-01-26","13943","2018-10-22"
"946","214","2016-02-25","13390","2018-11-21"
"947","428","2016-03-26","8146","2018-12-21"
"948","249","2016-04-25","19088","2015-01-11"
"949","514","2016-05-25","13652","2015-02-10"
"950","373","2016-06-24","7236","2015-03-12"
"951","880","2016-07-24","6046","2015-04-11"
"952","686","2016-08-23","11203","2015-05-11"
"953","478","2016-09-22","4948","2015-06-10"
"954","699","2016-10-22","5634","2015-07-10"
"955","388","2016-11-21","8718","2015-08-09"
"956","689","2016-12-21","530","2015-09-08"
"957","425","2017-01-20","19478","2015-10-08"
"958","50","2017-02-19","17626","2015-11-07"
"959","114","2017-03-21","3319",""
"960","663","2017-04-20","10472","2015-12-07"
"961","809","2017-05-20","17702","2016-01-06"
"962","216","2017-06-19","3458","2016-02-05"
"963","606","2017-07-19","10454","2016-03-06"
"964","8","2017-08-18","17643","2016-04-05"
"965","526","2017-09-17","14490","2016-05-05"
"966","430","2017-10-17","8675","2016-06-04"
"967","235","2017-11-16","18922","2016-07-04"
"968","73","2017-12-16","2238","2016-08-03"
"969","225","2018-01-15","9136","2016-09-02"
"970","768","2018-02-14","7237","2016-10-02"
"971","303","2018-03-16","4233","2016-11-01"
"972","525","2018-04-15","12329","2016-12-01"
"973","931","2018-05-15","12774","2016-12-31"
"974","653","2018-06-14","13069","2017-01-30"
"975","666","2018-07-14","9928","2017-03-01"
"976","704","2018-08-13","8389","2017-03-31"
"977","868","2018-09-12","14994","2017-04-30"
"978","48","2018-10-12","14811","2017-05-30"
"979","755","2018-11-11","13566","2017-06-29"
"980","856","2018-12-11","9362","2017-07-29"
"981","61","2015-01-01","9184","2017-08-28"
"982","209","2015-01-31","10659","2017-09-27"
"983","762","2015-03-02","15877","2017-10-27"
"984","146","2015-04-01","4724","2017-11-26"
"985","911","2015-05-01","759","2017-12-26"
"986","349","2015-05-31","7036","2018-01-25"
"987","325","2015-06-30","18367","2018-02-24"
"988","112","2015-07-30","13738","2018-03-26"
"989","593","2015-08-29","3269","2018-04-25"
"990","805","2015-09-28","14208","2018-05-25"
"991","253","2015-10-28","3272","2018-06-24"
"992","598","2015-11-27","17726","2018-07-24"
"993","964","2015-12-27","9173","2018-08-23"
"994","98","2016-01-26","9552","2018-09-22"
"995","332","2016-02-25","7098","2018-10-22"
"996","799","2016-03-26","582","2018-11-21"
"997","957","2016-04-25","10409","2018-12-21"
"998","339","2016-05-25","14535","2015-01-11"
"999","399","2016-06-24","10620","2015-02-10"
"1000","605","2016-07-24","5768","2015-03-12"
