"Equip_ID","Equip_model","Equip_serial","Equip_status","Order_ID","Branch_ID"
"1","ACZ-0889","6740813481","1","1","818"
"2","ANN-3285","6285976183","1","1","559"
"3","AGS-573","7129620220","1","1","2"
"4","AAC-8515","4121326491","3","1","443"
"5","AN-9601","2647954938","3","1","274"
"6","AN-9601","3427619867","2","1","468"
"7","AH-3640","8566866514","2","1","470"
"8","AM-046","4272816152","3","2","31"
"9","AM-046","1468517458","2","2","996"
"10","AAC-8515","0835952850","2","2","315"
"11","AHW-746","5435208967","2","2","849"
"12","AC-146","4944170009","1","2","33"
"13","ACZ-0889","0525704386","3","2","527"
"14","ANN-3285","2985066610","1","2","688"
"15","AL-7420","0151639877","2","2","82"
"16","AHW-746","0167509394","1","2","454"
"17","AC-146","3907278133","3","3","989"
"18","ACZ-0889","7729606064","2","3","763"
"19","AH-3640","2106375395","3","3","382"
"20","AHW-746","1796058304","1","3","958"
"21","ADQ-722","7356140419","3","3","716"
"22","ANN-3285","3905857323","3","3","5"
"23","AFS-612","3320532018","1","3","795"
"24","AEV-029","4436098309","3","4","458"
"25","AE-197","3817813326","2","4","222"
"26","AHT-2821","5819281937","1","4","719"
"27","AF-791","8912855664","3","4","488"
"28","AE-197","9570856749","3","4","879"
"29","ADQ-722","3112504535","1","4","736"
"30","AHT-2821","5288077319","3","4","680"
"31","AJ-9407","0004367007","1","5","219"
"32","AHT-2821","1733698467","3","5","897"
"33","AL-7420","1445500480","2","5","839"
"34","AJ-9407","5219755091","3","6","645"
"35","AE-197","7429379360","2","6","220"
"36","AEV-029","7118211878","2","6","482"
"37","AL-7420","2905597427","1","6","720"
"38","AG-796","6690915017","1","6","101"
"39","ANN-3285","7651418485","2","6","26"
"40","AE-197","4819940357","2","7","906"
"41","AL-7420","1189239328","3","7","477"
"42","ANN-3285","2914684752","1","7","326"
"43","AE-197","3740256018","2","7","469"
"44","AN-9601","7371489679","2","7","810"
"45","ANN-3285","2492549631","1","7","765"
"46","AL-7420","0572061895","1","7","295"
"47","AE-197","0333177101","2","7","664"
"48","AHT-2821","7843681484","3","7","287"
"49","AF-791","4055513155","3","7","223"
"50","AJ-9407","3459518517","1","8","69"
"51","AF-791","0962854741","3","8","694"
"52","AE-197","4601066139","1","8","928"
"53","ACZ-0889","9601312015","1","8","929"
"54","ADQ-722","0355315024","3","9","901"
"55","AGS-573","8026669412","2","9","94"
"56","ACZ-0889","8356472458","1","9","107"
"57","AGS-573","3190495107","1","10","954"
"58","AE-197","3091975167","2","10","149"
"59","AM-046","5179975739","1","11","570"
"60","AE-796","5462642708","2","11","619"
"61","AGS-573","5436817179","2","11",""
"62","AF-791","4848328665","3","11","851"
"63","AHW-746","6363997341","2","11","282"
"64","AE-197","4502595070","2","11","959"
"65","AEV-029","6216756045","2","11","388"
"66","AAC-8515","3705497462","3","11","281"
"67","AE-796","1411851552","3","11","532"
"68","AFS-612","3552749796","1","12","65"
"69","AJ-9407","0253454400","2","12","847"
"70","AFS-612","7564711728","1","12","105"
"71","AN-9601","1441950058","1","12","402"
"72","AH-3640","2468350503","2","13","131"
"73","ADQ-722","4293860836","3","13","616"
"74","AEV-029","5904777693","1","14","686"
"75","AN-9601","2768852485","2","14","173"
"76","AE-197","8990586028","2","14","610"
"77","AL-7420","2832255863","2","14","998"
"78","AG-796","7613358065","3","14","64"
"79","AEV-029","3645739774","2","14","843"
"80","AG-796","2680805223","1","15","646"
"81","AFS-612","4052076049","2","15","971"
"82","AL-7420","7645899715","1","15","513"
"83","AM-046","1062187883","3","15","814"
"84","AG-796","7852612045","1","15","576"
"85","AE-197","1687039033","3","15","673"
"86","AG-796","7304797804","1","15","302"
"87","AG-796","6302475591","2","15","466"
"88","AHT-2821","6217921698","2","15","217"
"89","ADQ-722","1799794198","2","16","231"
"90","ACZ-0889","2574931597","2","16","447"
"91","AL-7420","6732003929","2","16","20"
"92","AH-3640","1385687329","2","16","817"
"93","AHW-746","6050886250","3","16","914"
"94","AHW-746","1049275058","1","16","510"
"95","AJ-9407","2491662788","3","17","994"
"96","AF-791","8274327152","1","17","654"
"97","AEV-029","0905391991","2","17","968"
"98","ANN-3285","2922437581","1","17","773"
"99","AH-3640","2568878897","1","18","421"
"100","AN-9601","6748713026","1","18","886"
"101","AGS-573","0611011924","2","18","256"
"102","AM-046","8576545409","2","18","898"
"103","AN-9601","0748063681","1","18","883"
"104","AN-9601","2606657089","3","18","786"
"105","AM-046","6670870554","1","18","353"
"106","AM-046","6198239363","1","18","34"
"107","AC-146","4063245501","1","18","122"
"108","AM-046","6164990928","3","18","497"
"109","AE-197","1089605984","2","19","262"
"110","AEV-029","5650020815","3","19","243"
"111","AEV-029","2044402520","3","19","134"
"112","AAC-8515","9659895284","1","19","560"
"113","AN-9601","3859669710","1","19","342"
"114","AF-791","1152741457","3","19","98"
"115","AMR-461","8996576303","3","19","711"
"116","AL-7420","7898872529","2","20","652"
"117","AGS-573","6699782955","3","20","265"
"118","ADQ-722","5603940690","2","20","196"
"119","ANN-3285","2609836909","2","20","492"
"120","AMR-461","8946885031","1","20","320"
"121","AH-3640","0954144661","1","20","245"
"122","AHT-2821","0310233608","2","20","611"
"123","AE-197","7205520867","2","20",""
"124","AHT-2821","9542601893","1","20","962"
"125","AHW-746","5733896836","2","21","97"
"126","AF-791","2233252935","2","21","191"
"127","AN-9601","5560073665","2","21","111"
"128","AGS-573","0955434053","3","21","102"
"129","AHT-2821","6916845067","1","21","643"
"130","AH-3640","2160156277","1","21","242"
"131","AN-9601","4621775876","1","22","860"
"132","AL-7420","4226917875","2","22","908"
"133","AN-9601","0184630815","3","22","461"
"134","AF-791","4380687507","2","22","779"
"135","AN-9601","4736151317","3","22","648"
"136","AHT-2821","5168207811","1","22","609"
"137","AM-046","7382090883","3","22","624"
"138","AMR-461","2227083996","1","22","874"
"139","AHW-746","4007064068","3","23","138"
"140","AFS-612","9833185811","3","23",""
"141","AFS-612","9244389575","1","23","84"
"142","AHW-746","1872442433","3","23","867"
"143","AFS-612","6455010780","3","23","787"
"144","AMR-461","4388891371","3","23","830"
"145","AL-7420","7530266355","3","23","523"
"146","AJ-9407","0540631585","1","23","635"
"147","AHT-2821","4052266810","2","23","10"
"148","AEV-029","3718648205","3","23","801"
"149","AL-7420","3062944135","1","24","922"
"150","AN-9601","8513817505","2","24","193"
"151","AM-046","5117523038","2","24","662"
"152","ACZ-0889","6876585417","1","24","535"
"153","AAC-8515","0860257230","2","25","774"
"154","AHW-746","5353975300","3","25","126"
"155","AF-791","4245105342","3","25","120"
"156","AN-9601","6241865519","1","25","563"
"157","AH-3640","4924180216","3","25","641"
"158","AEV-029","6687602055","1","25","59"
"159","AE-796","3001784116","1","26","94"
"160","AFS-612","8423391882","2","26","121"
"161","AMR-461","0421684366","3","26","631"
"162","AH-3640","2025687357","1","26","100"
"163","ADQ-722","0946948577","2","26","13"
"164","AHW-746","3817950333","1","26","46"
"165","AF-791","8130985423","2","27","824"
"166","AGS-573","9711661972","1","27","952"
"167","ACZ-0889","2293688600","2","27","946"
"168","AGS-573","4040947362","2","27","32"
"169","AFS-612","1550108929","1","27","845"
"170","AE-796","0514569312","3","27","552"
"171","AN-9601","4858789816","2","27","419"
"172","AHW-746","7877130806","2","27","422"
"173","AGS-573","0857297539","2","27","601"
"174","AGS-573","5460993440","3","27","913"
"175","AG-796","7486188607","1","28","681"
"176","AMR-461","1838317361","2","29","467"
"177","ADQ-722","4129208888","2","30","87"
"178","AF-791","3517013415","3","31","520"
"179","AM-046","0292702358","2","31","950"
"180","ANN-3285","2502746494","2","31","107"
"181","AJ-9407","8963040202","1","31","189"
"182","AH-3640","4464801438","2","31","72"
"183","AJ-9407","7865767008","2","31","909"
"184","AHW-746","6184383932","3","31","757"
"185","AJ-9407","3883558300","3","31","152"
"186","AL-7420","3894991921","1","31","614"
"187","AL-7420","4739723199","3","32","571"
"188","AE-197","0234369162","3","32","865"
"189","ANN-3285","0074879674","2","32","378"
"190","AAC-8515","2222659265","2","32","47"
"191","AC-146","6478928443","1","32","534"
"192","AGS-573","8777819708","2","33","160"
"193","AHT-2821","7760758920","1","34","77"
"194","AE-197","1717072525","2","34","986"
"195","AGS-573","3148012598","3","34","333"
"196","AM-046","4704295461","3","34","518"
"197","AG-796","2580767248","1","34","129"
"198","AL-7420","5649393127","2","34","117"
"199","AG-796","0647058571","1","34","776"
"200","AE-796","6926364229","2","34","755"
"201","AHT-2821","7863244673","2","35","176"
"202","ACZ-0889","8864132174","3","35","180"
"203","AN-9601","0065412277","3","35","730"
"204","AGS-573","5076293721","2","36","229"
"205","AAC-8515","1596719783","3","36","45"
"206","ADQ-722","2364917264","3","36","485"
"207","AHT-2821","7077073689","2","36","608"
"208","AGS-573","1833610593","3","36","23"
"209","AE-197","7696134927","3","37","103"
"210","AGS-573","8733489555","1","37","526"
"211","AJ-9407","0588788953","3","37","375"
"212","ADQ-722","6673192174","1","38","457"
"213","AG-796","8259469589","3","38","586"
"214","AEV-029","7903774920","2","38","778"
"215","AJ-9407","5786815926","2","38","700"
"216","AEV-029","7105184846","1","38","465"
"217","AMR-461","3446198937","2","38","838"
"218","AGS-573","7187954397","3","39","40"
"219","AN-9601","3463962599","2","39","816"
"220","AHT-2821","6415855369","2","39","752"
"221","AL-7420","5803322383","2","39","924"
"222","AMR-461","0669723349","3","39","992"
"223","AH-3640","7479801138","1","40","550"
"224","AF-791","4461023300","2","40","966"
"225","ADQ-722","8522940683","2","40","431"
"226","AFS-612","6567148815","1","40","56"
"227","AC-146","2470888800","2","40","308"
"228","AE-796","7037901213","1","40","866"
"229","ANN-3285","6095740226","3","40","667"
"230","AHT-2821","2723292611","1","40","993"
"231","AF-791","0151254040","2","40","52"
"232","AFS-612","0895034626","3","40","701"
"233","AN-9601","4383578319","2","41","216"
"234","AH-3640","0689983231","3","42","519"
"235","AF-791","3828196064","1","42","511"
"236","AHT-2821","2480803460","1","42","186"
"237","AHW-746","9528539575","3","42","384"
"238","ADQ-722","4619617583","1","42","833"
"239","AHW-746","4732380934","3","42","729"
"240","AH-3640","9003463771","1","42","536"
"241","ADQ-722","0768799681","3","42","75"
"242","AE-197","1336937778","1","43","917"
"243","AAC-8515","4855735508","1","43","653"
"244","AG-796","1966491604","1","43","237"
"245","AEV-029","0120686660","3","43","558"
"246","AMR-461","6603982113","1","43","743"
"247","AAC-8515","5068477679","2","43","589"
"248","AE-796","5223941613","2","43","183"
"249","AG-796","0000805228","1","43","884"
"250","AE-197","2585044899","3","43","241"
"251","ANN-3285","4676989549","1","43","642"
"252","ANN-3285","5131725279","1","44","934"
"253","AM-046","6814958262","1","44","547"
"254","AMR-461","3031764249","3","44","258"
"255","AG-796","4386197845","1","45","167"
"256","AJ-9407","3545120980","3","45","727"
"257","AGS-573","6326269900","3","45","3"
"258","AGS-573","0421000948","1","45","615"
"259","AEV-029","0036732432","3","45","967"
"260","AHT-2821","6774815535","3","45","73"
"261","AC-146","9503442032","1","46","704"
"262","AEV-029","5485031991","1","46","627"
"263","AGS-573","3113486760","3","46","248"
"264","AHT-2821","6423802910","2","46","933"
"265","ACZ-0889","7580558393","3","46","109"
"266","AE-796","4182585938","3","47","907"
"267","AE-197","7345651398","2","47","169"
"268","AN-9601","7941492746","1","47","784"
"269","ANN-3285","3555131771","2","48","70"
"270","ACZ-0889","2012943739","1","48","88"
"271","AHT-2821","0884083685","2","48","567"
"272","AHW-746","9604669719","2","48","138"
"273","AM-046","1843075048","3","48","726"
"274","AF-791","6963558958","1","48","163"
"275","AFS-612","0352079360","3","48","448"
"276","AGS-573","7331280675","1","49","238"
"277","AMR-461","9701409158","2","49","969"
"278","ACZ-0889","7319981879","3","49","263"
"279","AC-146","7261572390","3","49","156"
"280","AEV-029","6044471547","2","49","404"
"281","AF-791","0647602986","2","49","602"
"282","AL-7420","3869185409","3","49","910"
"283","AM-046","7669511236","1","50","264"
"284","AJ-9407","6887280494","3","50","55"
"285","AHT-2821","5097032484","1","51","785"
"286","AFS-612","6872296968","1","51","144"
"287","AHT-2821","6532480739","2","51","51"
"288","AC-146","4854792742","3","51","427"
"289","AC-146","0854623465","3","51","9"
"290","AHT-2821","7534064143","1","51","335"
"291","AC-146","6416299286","2","51","494"
"292","ADQ-722","7386844193","2","51","873"
"293","AM-046","4866652863","1","52","21"
"294","AC-146","0495074078","1","52","106"
"295","AG-796","2520112633","3","52","21"
"296","AM-046","1529795293","2","52","137"
"297","AJ-9407","6221220567","1","52","6"
"298","AF-791","1286062384","3","52","517"
"299","AF-791","6181570744","2","53","311"
"300","AAC-8515","6793828912","3","53","283"
"301","AHT-2821","2343484015","2","53","64"
"302","ACZ-0889","2817802969","2","53","247"
"303","AEV-029","5186495174","3","54","152"
"304","AEV-029","1970867582","3","54","266"
"305","AHT-2821","2508439038","2","54","1"
"306","AEV-029","9502641458","3","54","57"
"307","ACZ-0889","4649941195","1","54","540"
"308","AFS-612","4312244114","3","54","397"
"309","AFS-612","0601096833","1","54","190"
"310","ANN-3285","3105308956","3","54","660"
"311","AM-046","7700366621","1","55","250"
"312","AFS-612","4567576223","1","55","613"
"313","AFS-612","6782584376","2","56","185"
"314","AAC-8515","5194780791","2","56","628"
"315","AE-197","3480656674","1","56","228"
"316","AE-796","7946430186","2","56","74"
"317","AGS-573","7767463223","3","56","829"
"318","AL-7420","1742867864","3","56","150"
"319","ANN-3285","7732164395","2","56","675"
"320","AHW-746","7845921824","3","56","491"
"321","AHW-746","0061447650","1","56","682"
"322","ADQ-722","3565754317","2","56","108"
"323","AMR-461","2985987103","1","57","870"
"324","AEV-029","7982324602","1","57","17"
"325","AC-146","7556793227","2","57","944"
"326","AFS-612","5780443429","3","57","268"
"327","AM-046","6743932031","1","57","637"
"328","AL-7420","0241602962","3","57","528"
"329","AMR-461","4204382037","2","57","919"
"330","AH-3640","1277001097","1","57","942"
"331","AM-046","0206939462","3","57","352"
"332","AG-796","4526112654","3","57","351"
"333","AJ-9407","3835704922","1","58","251"
"334","AC-146","6412597489","3","58","245"
"335","AHW-746","4961913236","3","58","43"
"336","AE-197","5141905032","3","59","17"
"337","AG-796","3730538919","3","59","777"
"338","AG-796","0535001268","1","60","304"
"339","ACZ-0889","5299225759","2","60","62"
"340","AEV-029","4106987099","1","60","93"
"341","AE-796","6990114087","3","60","800"
"342","ADQ-722","6614841000","2","60","410"
"343","AHT-2821","0792517311","3","60","230"
"344","ACZ-0889","5325698850","3","60","76"
"345","AL-7420","2140063722","1","60","734"
"346","AHT-2821","5884206091","1","61","46"
"347","AL-7420","2624258988","3","61","806"
"348","AM-046","3819974467","3","61","385"
"349","AM-046","4476473241","3","61","354"
"350","ADQ-722","4933822809","2","61","347"
"351","AEV-029","7815867752","2","61","943"
"352","AN-9601","8673299804","1","62","756"
"353","AFS-612","4125606117","2","62","44"
"354","AHW-746","7962612448","3","62","268"
"355","AF-791","9447146192","3","62","554"
"356","AG-796","3614239315","3","62","158"
"357","AE-197","6612790241","2","62","331"
"358","ANN-3285","5097557666","2","62","565"
"359","AE-796","5657300546","2","62","503"
"360","ADQ-722","5265224346","3","62","792"
"361","AG-796","5868116325","3","63","166"
"362","AF-791","4616351126","2","63","546"
"363","AGS-573","7202806381","2","63","298"
"364","AMR-461","3998167381","3","63","232"
"365","ACZ-0889","1274741557","1","64","335"
"366","AEV-029","5598121934","1","64","489"
"367","AHW-746","4276603041","3","65","669"
"368","AF-791","4243010398","3","65","195"
"369","AF-791","7661553650","2","65","133"
"370","AAC-8515","2518966618","2","65","417"
"371","AM-046","6537038864","2","66","862"
"372","AAC-8515","0398783550","3","66","182"
"373","AHW-746","5231884502","2","66","305"
"374","AHT-2821","0588002683","1","66","174"
"375","AFS-612","3797722219","3","66","562"
"376","AG-796","6290310756","2","67","351"
"377","AH-3640","3819342308","3","67","294"
"378","AL-7420","4295099899","1","67","463"
"379","AGS-573","5630544371","1","67","164"
"380","AFS-612","3567932031","1","68","123"
"381","AHW-746","3240247104","3","68","740"
"382","AAC-8515","6450366669","1","68","174"
"383","ANN-3285","0146745514","1","68","197"
"384","AJ-9407","0048883269","1","68","235"
"385","AE-796","9166935767","2","69","766"
"386","AMR-461","5793280256","2","69","85"
"387","AAC-8515","5210286593","2","69","709"
"388","AC-146","1423905046","2","70","260"
"389","AJ-9407","2287787982","1","70","267"
"390","ADQ-722","3496990906","3","70","231"
"391","ANN-3285","5633694964","2","70","401"
"392","AG-796","1242631003","2","70","88"
"393","ADQ-722","1847309764","3","71","356"
"394","AN-9601","6785572467","3","71","318"
"395","AMR-461","8128411720","2","71","2"
"396","AN-9601","1339680877","2","71","927"
"397","AHT-2821","7992468452","1","72","334"
"398","AL-7420","7117530645","3","72","241"
"399","ANN-3285","3671738244","3","72","190"
"400","AG-796","2783631438","3","72","853"
"401","ANN-3285","7395738738","2","72","130"
"402","AFS-612","5155779635","1","72","159"
"403","AFS-612","1859026907","2","72","110"
"404","AM-046","3235788374","1","72","522"
"405","AF-791","4256564825","1","72","256"
"406","AE-796","4597950816","3","73","201"
"407","AE-197","2472171934","3","73","324"
"408","AM-046","3588345527","1","73","357"
"409","AE-796","6161294362","3","73","531"
"410","AMR-461","5528929724","1","73","62"
"411","AMR-461","5746679639","1","73","501"
"412","AG-796","1253773779","1","74","718"
"413","AFS-612","5408144598","2","74","549"
"414","AMR-461","4265255547","1","74","828"
"415","AGS-573","2665948106","3","74","572"
"416","AFS-612","1728478960","2","74","309"
"417","AF-791","3504218062","2","74","34"
"418","AM-046","5994326324","2","74","339"
"419","AHT-2821","5417873288","1","74","428"
"420","AE-197","0093701962","2","75",""
"421","AE-796","0900618875","3","75","214"
"422","AHT-2821","0337234314","1","75","200"
"423","AHT-2821","4157013605","3","75","341"
"424","ADQ-722","4071623438","2","75","385"
"425","AAC-8515","3184731557","1","75","899"
"426","AEV-029","0492966149","1","75","389"
"427","AMR-461","1200012606","3","75","182"
"428","AL-7420","6533029111","3","76","916"
"429","AJ-9407","8845260367","2","76","115"
"430","AG-796","2806124377","1","76","16"
"431","AM-046","0854266183","2","76","638"
"432","AM-046","0034474107","3","76","38"
"433","AL-7420","2428728308","1","76","176"
"434","AC-146","5906753840","2","76","361"
"435","AG-796","6826597308","3","76","90"
"436","AE-796","7888071899","3","77","889"
"437","AHT-2821","5511613636","3","77","406"
"438","ADQ-722","5615658466","3","77","444"
"439","AEV-029","8418991102","3","77","301"
"440","ANN-3285","6563970814","3","77","377"
"441","AHW-746","2938947409","3","77","290"
"442","AE-197","3588831652","1","77","53"
"443","AM-046","6055772240","2","77","203"
"444","AM-046","2919671148","3","77","493"
"445","AEV-029","1893747788","3","78","200"
"446","AGS-573","9341659225","1","78","225"
"447","AAC-8515","6527805932","3","78","413"
"448","AEV-029","3615453148","3","78","332"
"449","AFS-612","2408049544","1","78",""
"450","AFS-612","6500165757","1","78","291"
"451","AGS-573","6180124055","1","78","293"
"452","AM-046","5005801873","2","79","299"
"453","ACZ-0889","6955431582","3","79","430"
"454","AJ-9407","4042446196","2","79","362"
"455","ADQ-722","0358469036","3","79","431"
"456","AEV-029","3671643213","1","79","290"
"457","AL-7420","2887628279","1","79","798"
"458","AE-796","6367224654","3","79","264"
"459","AL-7420","2678921324","1","79","135"
"460","AAC-8515","4472390719","3","80","985"
"461","AFS-612","1376062854","3","80","647"
"462","AG-796","7994134697","3","81","204"
"463","AC-146","3849638934","3","81","429"
"464","AL-7420","2444036456","3","81","382"
"465","AAC-8515","7060577588","2","81","50"
"466","AC-146","6019952632","1","82","434"
"467","AHW-746","6508155067","1","82","11"
"468","AF-791","2298669946","3","82","84"
"469","AF-791","2019546172","1","83","54"
"470","AE-197","1680535211","3","83","568"
"471","AM-046","5208219874","3","83","377"
"472","AE-197","0995325692","2","83","473"
"473","AGS-573","7266738982","2","84","14"
"474","AHT-2821","0830152586","1","84","285"
"475","AH-3640","2488295109","2","84","58"
"476","AC-146","6988623192","3","84","708"
"477","AL-7420","2877723246","2","84","717"
"478","AM-046","1895902650","3","84","880"
"479","AMR-461","2513555093","3","84","425"
"480","AG-796","0959696673","3","84","35"
"481","AE-796","4108558518","1","84","211"
"482","AH-3640","4927823210","1","84","114"
"483","AF-791","2662413091","3","85","403"
"484","AEV-029","4953079461","2","85","266"
"485","AN-9601","1504124514","1","85",""
"486","AAC-8515","6587795501","1","85","545"
"487","AHW-746","2221483804","1","86","73"
"488","AC-146","2568344315","3","86","475"
"489","AN-9601","6735159531","2","86","525"
"490","ACZ-0889","0531409624","2","87","325"
"491","AGS-573","0828211446","3","88","250"
"492","AEV-029","0313063758","3","88","48"
"493","AF-791","7085370541","2","88","856"
"494","AE-796","3764305901","3","89","104"
"495","AH-3640","1475318459","1","89","146"
"496","AE-197","6493322873","3","89","349"
"497","ADQ-722","0440472291","2","89","112"
"498","AAC-8515","1855515389","3","89","401"
"499","AM-046","6428972949","2","89","74"
"500","AE-796","7986892219","2","89",""
"501","AM-046","8422519215","1","90","852"
"502","AHW-746","0631521819","1","90","476"
"503","AN-9601","1902132509","2","90","399"
"504","ADQ-722","2455339471","2","90","19"
"505","AHT-2821","4101410327","1","91","750"
"506","AE-796","9420584868","2","91","153"
"507","AE-796","7060006578","3","91","115"
"508","AGS-573","3621358760","2","91","663"
"509","ADQ-722","2006255503","3","91","353"
"510","AC-146","7659749794","1","91","99"
"511","AGS-573","0811729295","3","92","396"
"512","ANN-3285","6089802631","1","92","432"
"513","AFS-612","1223609065","1","92","97"
"514","AE-796","2560881941","1","92","330"
"515","AL-7420","0236926877","3","92","557"
"516","AMR-461","4472655942","3","92","243"
"517","AC-146","2939288322","1","92","295"
"518","AL-7420","5369860238","1","92","676"
"519","AM-046","3022184929","2","92","472"
"520","ANN-3285","2353544406","2","92","649"
"521","AF-791","7764141817","1","93","837"
"522","AHT-2821","0493350256","1","93","603"
"523","AFS-612","1586399035","1","93","584"
"524","AE-796","2952652003","3","93","697"
"525","AHW-746","8431968785","3","94","450"
"526","AG-796","5425391838","3","94","365"
"527","AMR-461","2800925120","1","94",""
"528","AE-197","1462241676","2","94","498"
"529","AC-146","1370411530","1","94","976"
"530","AEV-029","3453475398","3","94","142"
"531","AN-9601","5802394530","1","94","469"
"532","AL-7420","0363455906","2","94","935"
"533","ANN-3285","7053522390","2","95","931"
"534","AHT-2821","8921049386","1","95","334"
"535","AHW-746","5278109670","3","95","791"
"536","AH-3640","3552208687","1","95","181"
"537","AHT-2821","6280397396","2","96","689"
"538","ADQ-722","2213884244","2","96","42"
"539","AHW-746","3204977110","1","96","764"
"540","AHW-746","3151365068","3","97","890"
"541","AJ-9407","4437912842","1","97","542"
"542","ADQ-722","6814513509","2","97","397"
"543","AMR-461","2910797037","1","97","826"
"544","AMR-461","4295776938","2","97","741"
"545","AH-3640","1010045151","3","98","768"
"546","AH-3640","1276171799","3","98","212"
"547","AN-9601","1174866616","3","98","429"
"548","AC-146","5490837596","1","98","49"
"549","AGS-573","0532130268","1","98","902"
"550","AHW-746","4188128085","2","98","269"
"551","ACZ-0889","0548951100","3","98","507"
"552","AF-791","0272197806","1","98","275"
"553","ADQ-722","6984827497","2","99","269"
"554","AM-046","3771944191","3","99","677"
"555","AMR-461","1386136472","2","99","863"
"556","ADQ-722","2034628210","3","99","545"
"557","AE-796","6218439958","3","99","478"
"558","AHW-746","6643931370","3","99","781"
"559","AG-796","0064041373","2","99","502"
"560","ACZ-0889","7639664516","2","99","254"
"561","AF-791","3115723475","1","99","758"
"562","AC-146","6491633710","2","99","71"
"563","AFS-612","3151884945","1","100","522"
"564","AM-046","6034632559","1","100","364"
"565","ADQ-722","1551869039","3","101","194"
"566","AL-7420","3288239366","1","102","521"
"567","ANN-3285","3396110569","2","102","170"
"568","AL-7420","5928924752","3","102","169"
"569","AHT-2821","6397886519","2","102","370"
"570","ADQ-722","6219598460","3","102","366"
"571","AE-197","8640192656","1","102","780"
"572","AN-9601","7607620818","3","102","179"
"573","AC-146","8269616584","3","102","561"
"574","ADQ-722","2770415726","3","102","427"
"575","AE-197","6259795775","2","103","368"
"576","AE-197","1957707523","2","103","705"
"577","AJ-9407","5637683963","1","103","95"
"578","AH-3640","8083520056","3","103","48"
"579","AHW-746","3788980311","3","103","366"
"580","ACZ-0889","6387441301","1","104","95"
"581","AGS-573","0596111497","3","104","55"
"582","AM-046","2016634125","3","104","60"
"583","AJ-9407","1233832816","2","105","808"
"584","AF-791","4015222808","3","105","206"
"585","AE-197","3959850948","3","105","430"
"586","AGS-573","6540866970","3","105","782"
"587","AH-3640","2628341955","1","105","936"
"588","ADQ-722","7545006267","3","105","696"
"589","AJ-9407","5283155185","2","105","477"
"590","AG-796","1400652715","3","105","388"
"591","AEV-029","5884709473","2","105","458"
"592","ANN-3285","2990851930","3","106","313"
"593","AHW-746","4318290899","3","106","416"
"594","AH-3640","2638773530","2","106","322"
"595","AE-796","8612023002","2","106","111"
"596","AHW-746","1329125742","3","106","177"
"597","AJ-9407","8588900962","2","106","24"
"598","AC-146","2025306752","1","106","328"
"599","AHW-746","4505666724","2","106","762"
"600","AM-046","9447779400","3","106","633"
"601","AHT-2821","5662572104","1","106","894"
"602","ACZ-0889","7967654021","1","107",""
"603","AFS-612","4931279743","3","108","411"
"604","AEV-029","5731582597","1","108","473"
"605","AG-796","3010673151","1","108","248"
"606","ADQ-722","2961238887","1","108","350"
"607","AEV-029","0226838438","2","108","18"
"608","AAC-8515","0895668144","2","108","128"
"609","AH-3640","7530847486","2","108","527"
"610","AHT-2821","4166880047","1","109","272"
"611","AG-796","5009334881","3","109","432"
"612","AJ-9407","5091096712","3","109","229"
"613","ANN-3285","7299204108","1","109","402"
"614","AF-791","0562941798","2","109","357"
"615","AH-3640","1038077673","3","109","315"
"616","AH-3640","2368604728","1","109","312"
"617","AF-791","0981428027","3","109","679"
"618","AC-146","2481991424","2","109","284"
"619","AHT-2821","9874931020","1","109","423"
"620","AHT-2821","2431258194","1","110","591"
"621","AE-197","4507857144","3","110","537"
"622","AL-7420","6860249769","3","110","493"
"623","AC-146","1994090617","2","110","210"
"624","ADQ-722","2398045060","2","111","399"
"625","AMR-461","4785526121","2","111","165"
"626","AE-796","0723040902","1","112","565"
"627","AE-796","2445355359","3","112","317"
"628","AGS-573","4817054830","2","112","745"
"629","AN-9601","3624911898","2","113","194"
"630","AH-3640","9814712299","3","113","258"
"631","AGS-573","3786011342","1","113","249"
"632","AHW-746","2468307920","1","113","893"
"633","AMR-461","0552112488","2","113","452"
"634","AMR-461","1474511589","1","114","358"
"635","AGS-573","6918779378","1","115","494"
"636","AF-791","6159583251","3","115","488"
"637","AFS-612","2344635609","1","115","203"
"638","AF-791","7861914933","2","115","405"
"639","AN-9601","3448095690","2","116","24"
"640","AAC-8515","1974732790","3","116","368"
"641","AE-197","7211724961","2","116","622"
"642","AH-3640","2259729545","2","117","215"
"643","AH-3640","7603114893","2","117","622"
"644","ACZ-0889","3920352114","1","117","257"
"645","AAC-8515","0194772835","1","117","253"
"646","AHT-2821","3299888004","2","117","440"
"647","AAC-8515","5880134368","3","118","891"
"648","AE-796","0886696671","2","118","566"
"649","ANN-3285","2530657608","3","118","449"
"650","AHW-746","0844582968","1","118","272"
"651","AEV-029","7898760651","3","118","453"
"652","AHW-746","2770900346","1","119","30"
"653","AFS-612","0010753667","3","119","475"
"654","AAC-8515","4943683815","1","119","41"
"655","AHT-2821","4371317179","3","119","316"
"656","AM-046","7286873562","1","119","37"
"657","AC-146","2142063530","2","119","481"
"658","AE-796","6556676654","1","119","286"
"659","AG-796","4143678126","3","119","172"
"660","AE-197","0003331106","1","119","820"
"661","AN-9601","2139679967","1","120","490"
"662","AL-7420","5416603521","3","120","537"
"663","AC-146","0653190061","1","121","223"
"664","AAC-8515","2293541789","2","121","307"
"665","ACZ-0889","4679460018","1","121","207"
"666","AL-7420","7683951336","3","121","22"
"667","AM-046","5957937863","1","122","355"
"668","ACZ-0889","1104854896","3","122","895"
"669","AM-046","7601059495","1","123","641"
"670","AE-197","7679910457","1","123","329"
"671","ADQ-722","5686186193","1","123","616"
"672","ANN-3285","7536389744","2","123","257"
"673","ACZ-0889","2549600949","3","123","452"
"674","AH-3640","0536656352","2","123","585"
"675","AFS-612","4286550145","2","123","466"
"676","AHT-2821","6564184032","1","123","570"
"677","AE-197","7870817231","2","124","408"
"678","ANN-3285","6552264818","1","124","308"
"679","ACZ-0889","4715959024","2","124","372"
"680","AE-197","3799286278","3","124","346"
"681","AE-197","1627109095","2","124","58"
"682","ANN-3285","5193180983","2","124","512"
"683","AH-3640","9766529739","2","124","514"
"684","AE-197","5476626404","2","124","428"
"685","AE-197","3904431075","3","124","462"
"686","AM-046","4735021466","1","124","10"
"687","AE-796","6261324657","1","125","276"
"688","AM-046","1793092708","1","125","354"
"689","AE-197","1145003154","1","125","338"
"690","AJ-9407","9925866584","3","125","538"
"691","AEV-029","9865163933","1","125",""
"692","ACZ-0889","5614703614","3","125","606"
"693","AN-9601","1696907277","2","125","113"
"694","AHW-746","6201000152","2","125","168"
"695","ACZ-0889","4444843442","2","125","191"
"696","AFS-612","1686298644","2","126","36"
"697","AG-796","1766648589","2","126","753"
"698","AGS-573","4800796005","3","126","528"
"699","ANN-3285","2362155262","1","126","118"
"700","AE-796","6300806771","1","127","275"
"701","AL-7420","2567948208","1","127","215"
"702","AMR-461","6390375809","3","127","170"
"703","AG-796","0207079377","1","127","598"
"704","AL-7420","6068713167","3","127","620"
"705","AGS-573","6750857984","3","128","543"
"706","AEV-029","7410806216","2","128","25"
"707","AGS-573","4502603272","1","128","747"
"708","AM-046","3029418198","1","128","337"
"709","AHT-2821","6040489579","3","128","284"
"710","ANN-3285","7396480191","3","128","414"
"711","AH-3640","5197299161","3","128","684"
"712","ACZ-0889","1783239480","2","128","607"
"713","ACZ-0889","0815116187","3","129","523"
"714","AE-197","1495810107","3","129","663"
"715","ANN-3285","3289098466","2","129","521"
"716","AN-9601","4847700732","3","129","692"
"717","AE-197","7303277802","2","130","306"
"718","AM-046","0090108435","2","130","323"
"719","AM-046","3028846651","3","130","280"
"720","AE-796","6962257484","1","130","590"
"721","AGS-573","2316164912","3","130","703"
"722","ANN-3285","3651815151","1","130","387"
"723","AMR-461","3770884565","3","131","159"
"724","ACZ-0889","7206034283","2","131","519"
"725","AMR-461","1967607164","3","131","823"
"726","AAC-8515","0779100031","1","131","478"
"727","AC-146","2845213067","3","132","43"
"728","AG-796","7499436257","1","133","888"
"729","AG-796","7422904020","1","133","63"
"730","AAC-8515","6083970977","1","133","79"
"731","ACZ-0889","6681863409","3","133","844"
"732","AJ-9407","1929798244","2","133","724"
"733","ANN-3285","2850725954","1","133","495"
"734","AMR-461","5580222611","1","133","459"
"735","AFS-612","1469432165","3","133","836"
"736","AF-791","0008954583","3","134","442"
"737","AGS-573","7773803063","1","134","69"
"738","AL-7420","1191578405","3","134","509"
"739","AHW-746","6827788285","2","134","617"
"740","AMR-461","1685277392","1","134","114"
"741","AEV-029","5178188490","3","134","49"
"742","AFS-612","7328933127","3","134","685"
"743","AE-197","0749887431","2","135","361"
"744","AE-796","3032662334","2","136","23"
"745","ADQ-722","6279220038","3","136","222"
"746","ADQ-722","1439022903","2","136","40"
"747","AAC-8515","7079386032","1","136","654"
"748","AHW-746","8494286618","3","136","154"
"749","AJ-9407","3632326728","3","137","9"
"750","ADQ-722","5723825471","2","137","305"
"751","ADQ-722","5704493392","1","137","57"
"752","AHW-746","3881736919","3","137","760"
"753","AJ-9407","2905214274","3","137","497"
"754","AHW-746","4651139396","3","137","525"
"755","AJ-9407","4795435743","2","137","831"
"756","AL-7420","9737548779","1","137","471"
"757","ANN-3285","1404819012","3","137","440"
"758","AF-791","9777583051","2","138","137"
"759","AMR-461","7293365197","3","138","416"
"760","AGS-573","5376912796","3","139","392"
"761","AE-796","2989863726","3","140","938"
"762","AC-146","1842248839","1","140","76"
"763","AF-791","7163264215","1","140","300"
"764","AH-3640","0870746529","3","140","13"
"765","AM-046","7665402019","1","141","453"
"766","AMR-461","7562732624","1","141","621"
"767","ACZ-0889","6325576404","2","142","948"
"768","AE-197","5921892926","2","142","855"
"769","AL-7420","6835642656","1","142","541"
"770","AH-3640","2091428707","3","142","177"
"771","AFS-612","6637850873","3","142","270"
"772","AG-796","7958131529","2","143","593"
"773","ACZ-0889","5682973564","1","143","348"
"774","AN-9601","0962771601","2","143","516"
"775","ANN-3285","3031963228","2","144","8"
"776","ACZ-0889","6320541139","3","144","718"
"777","AL-7420","1629912436","3","144","289"
"778","AHT-2821","6656814065","2","145","358"
"779","AN-9601","5856126635","2","145","940"
"780","AJ-9407","5014426263","1","145","310"
"781","ANN-3285","1760008656","1","146","423"
"782","AF-791","2046836210","3","146","363"
"783","AJ-9407","4064710474","1","146","487"
"784","AE-796","2947786423","3","147","759"
"785","AMR-461","7072292064","3","147","595"
"786","AG-796","3684450940","3","147","67"
"787","ANN-3285","2591812411","2","147","713"
"788","AEV-029","5266533215","1","147","581"
"789","ACZ-0889","6169453580","3","147","841"
"790","AHT-2821","3430717337","2","148","433"
"791","AF-791","3233596057","3","148","783"
"792","ADQ-722","6901261402","2","148","398"
"793","AN-9601","1507361552","1","148","224"
"794","ADQ-722","5570838916","3","149","82"
"795","AHT-2821","9673275825","2","149","59"
"796","AE-796","6107271396","3","149","584"
"797","AAC-8515","2286031819","3","149","333"
"798","AHW-746","1233818555","3","150","619"
"799","AFS-612","3337047590","2","151","105"
"800","AE-796","2409747116","3","151","349"
"801","AAC-8515","7149111766","1","151","83"
"802","AL-7420","9190078119","2","151","4"
"803","AMR-461","2878538932","3","151",""
"804","ACZ-0889","3112005541","1","151","661"
"805","AL-7420","1055712523","3","151","735"
"806","AHW-746","2333652617","2","151","230"
"807","AGS-573","4470190646","3","152","770"
"808","AM-046","3977148806","2","153","35"
"809","AHW-746","1667462705","2","153","915"
"810","AHT-2821","6446835981","3","153","70"
"811","AAC-8515","7704130754","1","153","155"
"812","AF-791","5987563770","2","153","276"
"813","AFS-612","6026645333","1","153","763"
"814","ADQ-722","4569013583","2","153","359"
"815","AGS-573","2456888444","3","153","869"
"816","AN-9601","6910680404","3","153","381"
"817","AEV-029","1646105830","3","153","582"
"818","AC-146","7419068852","2","154","56"
"819","AHW-746","7949918498","3","154","277"
"820","AF-791","4468348881","1","154","759"
"821","AMR-461","8507812576","2","154","456"
"822","AM-046","3412764949","1","154","79"
"823","ACZ-0889","6376100381","3","154","244"
"824","ADQ-722","0810144013","2","154","988"
"825","AE-197","6395699688","1","154","797"
"826","AE-796","5049186819","1","155","745"
"827","AGS-573","9788150008","2","155","965"
"828","ANN-3285","2925395411","2","155","186"
"829","AEV-029","2779135827","3","155","753"
"830","AJ-9407","2780598835","2","155","569"
"831","AC-146","0722604195","1","155","331"
"832","ACZ-0889","6874761580","1","155","206"
"833","AE-197","4666491764","1","155","972"
"834","AHW-746","9035215431","3","156","54"
"835","AHW-746","6546040303","1","156","441"
"836","AE-197","5433485485","3","156","595"
"837","AGS-573","1213370331","3","156","184"
"838","AHT-2821","6320296803","1","156","172"
"839","AGS-573","4863237435","3","156","129"
"840","ADQ-722","1274513132","1","156","775"
"841","ANN-3285","4832268161","3","156","185"
"842","ADQ-722","5663779900","1","156","700"
"843","AHT-2821","7209050770","2","157","499"
"844","AG-796","0412765436","1","158","480"
"845","AHT-2821","7558199968","1","158","784"
"846","AAC-8515","5241978332","2","158","91"
"847","AJ-9407","2503309483","2","158","668"
"848","AL-7420","7059764402","2","158","657"
"849","AHT-2821","0160675142","1","158","636"
"850","AJ-9407","4486926454","3","159","615"
"851","AN-9601","1934304614","3","159","470"
"852","ANN-3285","9978405286","1","159","579"
"853","ANN-3285","3568487305","3","159","233"
"854","AAC-8515","4516960899","1","160","86"
"855","AFS-612","3141615461","1","160","485"
"856","AE-197","8846448728","3","160","219"
"857","AHW-746","7788266513","2","160","777"
"858","AJ-9407","7850319410","2","160","445"
"859","AN-9601","2555290129","1","160","37"
"860","AGS-573","3715348190","2","161","563"
"861","ADQ-722","6888539312","1","161","18"
"862","AH-3640","3778652634","2","161","670"
"863","AGS-573","7095228473","2","161","739"
"864","ANN-3285","0210775488","3","161","484"
"865","AH-3640","3809537361","2","161","147"
"866","AN-9601","2085405555","1","162","281"
"867","ADQ-722","5689919230","1","162","987"
"868","AL-7420","7706943445","2","162","840"
"869","AG-796","2684978377","2","162","486"
"870","AEV-029","4023193230","1","163","175"
"871","AFS-612","6337186351","3","163","373"
"872","AJ-9407","7178838442","2","163","582"
"873","AGS-573","9390983608","2","164","995"
"874","AGS-573","1283325185","2","164","77"
"875","AFS-612","8847897774","2","164","209"
"876","AJ-9407","6656541741","2","164","189"
"877","ADQ-722","4029145408","3","165","957"
"878","AHT-2821","0889982539","3","166","175"
"879","AGS-573","1002527865","1","167","505"
"880","AE-197","7641072964","2","167","716"
"881","AGS-573","6143966598","2","167","195"
"882","AL-7420","5804244403","3","167","655"
"883","AEV-029","7001850944","2","167","714"
"884","AHT-2821","6718667587","1","168","168"
"885","AM-046","0885370544","3","168","513"
"886","AC-146","9594177456","3","168","435"
"887","ACZ-0889","5966626987","1","168","790"
"888","ADQ-722","9190310734","1","168","822"
"889","AE-796","3820129950","3","168","850"
"890","AFS-612","7723642462","1","168","131"
"891","AH-3640","5772215404","1","168","731"
"892","AL-7420","7487502408","2","168","980"
"893","AJ-9407","6114200601","1","169","325"
"894","AAC-8515","0614836752","1","169","435"
"895","AAC-8515","3939875727","1","169","187"
"896","AFS-612","4119332041","2","169","630"
"897","AHW-746","5546110560","2","169","31"
"898","AHW-746","5561287594","3","169","529"
"899","AN-9601","9758690432","2","169","378"
"900","AHW-746","8089092219","1","169","227"
"901","AM-046","0953774269","1","169","770"
"902","ANN-3285","6245224549","1","169","25"
"903","AE-796","2413961939","1","170","625"
"904","AEV-029","2509218694","1","170","681"
"905","AEV-029","7877105307","3","170","757"
"906","AE-197","0688490009","1","170","731"
"907","AFS-612","2683982898","3","170","292"
"908","AG-796","7342895755","2","170","779"
"909","AHT-2821","3654804066","3","170","51"
"910","AHW-746","3296435224","2","170","726"
"911","AC-146","4392543699","1","170","625"
"912","AAC-8515","6916953218","3","171","212"
"913","ADQ-722","8964598530","2","171","600"
"914","AHW-746","0188333643","2","171","373"
"915","AAC-8515","7204909201","3","171","208"
"916","AF-791","1117772218","1","171","978"
"917","AE-197","5805809938","1","172","589"
"918","AN-9601","0522352981","2","172","12"
"919","ADQ-722","6966222245","1","172","392"
"920","AG-796","0865957457","3","172","127"
"921","AM-046","3748433402","1","173","340"
"922","ANN-3285","6275857955","1","173","771"
"923","AGS-573","3488263667","3","173","202"
"924","AAC-8515","7749689488","2","173","359"
"925","AL-7420","6240772710","3","174","319"
"926","AHT-2821","4969778503","2","174","188"
"927","AAC-8515","0803622492","2","174","620"
"928","AGS-573","2732505436","1","174","228"
"929","AG-796","6074717052","1","174","991"
"930","ANN-3285","4727113547","1","175","629"
"931","AC-146","0350587211","3","175","198"
"932","AGS-573","1897952981","1","175","854"
"933","AJ-9407","1367783401","2","175","36"
"934","AMR-461","1144017479","1","175","393"
"935","AF-791","0353071764","1","175","394"
"936","AGS-573","6069887556","2","175","504"
"937","AGS-573","6912106120","3","175","398"
"938","ANN-3285","1497542411","1","175","369"
"939","AE-796","9922331310","1","175","981"
"940","AH-3640","5253342495","2","176",""
"941","AHT-2821","2971013823","3","176","386"
"942","AHT-2821","8356315500","2","176","581"
"943","AGS-573","8390514195","2","176","38"
"944","AH-3640","1011504546","1","176","278"
"945","AF-791","6483873081","3","176","919"
"946","AGS-573","6623599712","2","176","556"
"947","AH-3640","5766067865","3","176","569"
"948","AAC-8515","2504801895","3","176","751"
"949","ANN-3285","1637821272","1","177","533"
"950","AHW-746","7888789406","3","177","633"
"951","ADQ-722","3885871992","1","177","367"
"952","AL-7420","5439373701","1","177","591"
"953","AGS-573","7621770552","2","177","796"
"954","AFS-612","0589283004","2","177","532"
"955","AMR-461","6594996313","3","177","508"
"956","AM-046","6618109446","1","177","436"
"957","AG-796","3810068911","2","177","984"
"958","AE-197","6133304466","3","178","109"
"959","AH-3640","1237599850","1","178","618"
"960","AHW-746","6269167759","2","178","687"
"961","ADQ-722","2212384162","3","178","205"
"962","AN-9601","2296377324","2","178","531"
"963","ANN-3285","9606049178","1","179","643"
"964","AHW-746","5712075362","2","179","621"
"965","AHT-2821","2109231332","3","179","810"
"966","AGS-573","7957802827","1","179","725"
"967","AEV-029","6676677488","2","179","341"
"968","AEV-029","6441620189","2","179","815"
"969","AEV-029","1130466617","1","179","693"
"970","AGS-573","7658469042","2","179","751"
"971","AMR-461","2234959825","2","180","657"
"972","AE-197","4861710655","3","180","514"
"973","AHT-2821","3282636719","1","180","403"
"974","AH-3640","3234781275","3","180","556"
"975","AM-046","4726969415","3","180","882"
"976","ADQ-722","9625866954","3","180","769"
"977","AG-796","8091614239","2","180","653"
"978","AN-9601","5634787117","2","181","387"
"979","AHW-746","6110522597","2","181","672"
"980","AE-197","0424438559","1","181","561"
"981","AC-146","3410419365","2","181","297"
"982","ANN-3285","5515021802","3","181","959"
"983","AGS-573","5913947970","3","181","192"
"984","AM-046","9978014304","1","181","183"
"985","AM-046","6564256702","3","181","941"
"986","AEV-029","0885645013","2","181","291"
"987","AAC-8515","3115778130","2","182","26"
"988","AE-796","6105906893","3","182","462"
"989","ANN-3285","5585264910","1","183","875"
"990","AGS-573","1108087461","1","183","714"
"991","AAC-8515","3625238512","1","183","886"
"992","AE-796","7234678120","1","183","374"
"993","AFS-612","2724116132","1","184","124"
"994","AHT-2821","5181514892","3","184","504"
"995","AFS-612","6825525117","2","184","459"
"996","AJ-9407","7800728385","2","185","507"
"997","AHT-2821","6484107245","1","185","813"
"998","AMR-461","1282945691","3","185","503"
"999","AN-9601","2878374063","2","185","318"
"1000","AMR-461","8869225765","2","185","594"
